event_id,device_id,timestamp,temperature,humidity,battery,status,source
evt_20260516_124504191697,sensor_aula_01,2026-05-16T12:45:04,21.50,25.00,100.00,OK,arduino_serial
evt_20260516_124507216452,sensor_aula_01,2026-05-16T12:45:07,21.50,25.00,100.00,OK,arduino_serial
evt_20260516_124510240903,sensor_aula_01,2026-05-16T12:45:10,21.50,25.00,100.00,OK,arduino_serial
evt_20260516_124513265105,sensor_aula_01,2026-05-16T12:45:13,21.60,25.00,100.00,OK,arduino_serial
evt_20260516_124516289956,sensor_aula_01,2026-05-16T12:45:16,21.50,25.00,100.00,OK,arduino_serial
evt_20260516_124519314113,sensor_aula_01,2026-05-16T12:45:19,21.60,25.00,100.00,OK,arduino_serial
evt_20260516_124522338743,sensor_aula_01,2026-05-16T12:45:22,21.50,25.00,100.00,OK,arduino_serial
evt_20260516_124525364165,sensor_aula_01,2026-05-16T12:45:25,21.50,25.00,100.00,OK,arduino_serial
evt_20260516_124528388729,sensor_aula_01,2026-05-16T12:45:28,21.60,25.00,100.00,OK,arduino_serial
evt_20260516_124531412851,sensor_aula_01,2026-05-16T12:45:31,21.60,25.00,100.00,OK,arduino_serial
evt_20260516_124534437430,sensor_aula_01,2026-05-16T12:45:34,21.50,25.00,100.00,OK,arduino_serial
evt_20260516_124537461838,sensor_aula_01,2026-05-16T12:45:37,21.50,25.00,100.00,OK,arduino_serial
evt_20260516_124540487227,sensor_aula_01,2026-05-16T12:45:40,21.50,25.00,100.00,OK,arduino_serial
evt_20260516_124543511004,sensor_aula_01,2026-05-16T12:45:43,21.50,25.00,100.00,OK,arduino_serial
evt_20260516_124546536180,sensor_aula_01,2026-05-16T12:45:46,21.50,25.00,100.00,OK,arduino_serial
evt_20260516_124549559785,sensor_aula_01,2026-05-16T12:45:49,21.50,25.00,100.00,OK,arduino_serial
evt_20260516_124552584744,sensor_aula_01,2026-05-16T12:45:52,21.50,25.00,100.00,OK,arduino_serial
evt_20260516_124555609187,sensor_aula_01,2026-05-16T12:45:55,21.50,25.00,100.00,OK,arduino_serial
evt_20260516_124558633410,sensor_aula_01,2026-05-16T12:45:58,21.50,25.00,100.00,OK,arduino_serial
evt_20260516_124601658275,sensor_aula_01,2026-05-16T12:46:01,21.50,25.00,100.00,OK,arduino_serial
evt_20260516_124604683988,sensor_aula_01,2026-05-16T12:46:04,21.60,25.00,100.00,OK,arduino_serial
evt_20260516_124607707749,sensor_aula_01,2026-05-16T12:46:07,21.50,25.00,100.00,OK,arduino_serial
evt_20260516_124610731777,sensor_aula_01,2026-05-16T12:46:10,21.60,25.00,100.00,OK,arduino_serial
evt_20260516_124613756118,sensor_aula_01,2026-05-16T12:46:13,21.50,25.00,100.00,OK,arduino_serial
evt_20260516_124616781001,sensor_aula_01,2026-05-16T12:46:16,21.50,25.00,100.00,OK,arduino_serial
evt_20260516_124619805692,sensor_aula_01,2026-05-16T12:46:19,21.60,25.00,100.00,OK,arduino_serial
evt_20260516_124622829647,sensor_aula_01,2026-05-16T12:46:22,21.50,25.00,100.00,OK,arduino_serial
evt_20260516_124625854346,sensor_aula_01,2026-05-16T12:46:25,21.50,25.00,100.00,OK,arduino_serial
evt_20260516_124631903557,sensor_aula_01,2026-05-16T12:46:31,21.50,25.00,100.00,OK,arduino_serial
evt_20260516_124634928482,sensor_aula_01,2026-05-16T12:46:34,21.50,25.00,100.00,OK,arduino_serial
evt_20260516_124637953373,sensor_aula_01,2026-05-16T12:46:37,21.50,25.00,100.00,OK,arduino_serial
evt_20260516_124640977153,sensor_aula_01,2026-05-16T12:46:40,21.70,25.00,100.00,OK,arduino_serial
evt_20260516_124644002303,sensor_aula_01,2026-05-16T12:46:44,21.50,25.00,100.00,OK,arduino_serial
evt_20260516_124647027438,sensor_aula_01,2026-05-16T12:46:47,21.50,25.00,100.00,OK,arduino_serial
evt_20260516_124650051326,sensor_aula_01,2026-05-16T12:46:50,21.50,25.00,100.00,OK,arduino_serial
evt_20260516_124812364547,sensor_aula_01,2026-05-16T12:48:12,21.50,25.00,100.00,OK,arduino_serial
evt_20260516_124815389989,sensor_aula_01,2026-05-16T12:48:15,21.50,25.00,100.00,OK,arduino_serial
evt_20260516_124818413677,sensor_aula_01,2026-05-16T12:48:18,21.60,25.00,100.00,OK,arduino_serial
evt_20260516_124821438363,sensor_aula_01,2026-05-16T12:48:21,21.70,25.00,100.00,OK,arduino_serial
evt_20260516_124824462877,sensor_aula_01,2026-05-16T12:48:24,21.60,25.00,100.00,OK,arduino_serial
evt_20260516_124827487425,sensor_aula_01,2026-05-16T12:48:27,21.50,25.00,100.00,OK,arduino_serial
evt_20260516_124830511680,sensor_aula_01,2026-05-16T12:48:30,21.50,25.00,100.00,OK,arduino_serial
evt_20260516_124833536685,sensor_aula_01,2026-05-16T12:48:33,21.60,25.00,100.00,OK,arduino_serial
evt_20260516_124836561232,sensor_aula_01,2026-05-16T12:48:36,21.60,25.00,100.00,OK,arduino_serial
evt_20260516_124839585669,sensor_aula_01,2026-05-16T12:48:39,21.60,25.00,100.00,OK,arduino_serial
evt_20260516_124842610269,sensor_aula_01,2026-05-16T12:48:42,21.60,25.00,100.00,OK,arduino_serial
evt_20260516_124845635182,sensor_aula_01,2026-05-16T12:48:45,21.60,25.00,100.00,OK,arduino_serial
evt_20260516_124848659237,sensor_aula_01,2026-05-16T12:48:48,21.60,25.00,100.00,OK,arduino_serial
evt_20260516_124851684097,sensor_aula_01,2026-05-16T12:48:51,21.60,25.00,100.00,OK,arduino_serial
evt_20260516_124854708435,sensor_aula_01,2026-05-16T12:48:54,21.60,25.00,100.00,OK,arduino_serial
evt_20260516_124857733486,sensor_aula_01,2026-05-16T12:48:57,21.60,25.00,100.00,OK,arduino_serial
evt_20260516_124900757165,sensor_aula_01,2026-05-16T12:49:00,21.70,25.00,100.00,OK,arduino_serial
evt_20260516_124903782290,sensor_aula_01,2026-05-16T12:49:03,21.70,25.00,100.00,OK,arduino_serial
evt_20260516_124906806067,sensor_aula_01,2026-05-16T12:49:06,21.80,25.00,100.00,OK,arduino_serial
evt_20260516_124909831608,sensor_aula_01,2026-05-16T12:49:09,21.70,25.00,100.00,OK,arduino_serial
evt_20260516_124912855607,sensor_aula_01,2026-05-16T12:49:12,21.70,25.00,100.00,OK,arduino_serial
evt_20260516_124915880604,sensor_aula_01,2026-05-16T12:49:15,21.70,25.00,100.00,OK,arduino_serial
evt_20260516_124918904940,sensor_aula_01,2026-05-16T12:49:18,21.70,24.00,100.00,OK,arduino_serial
evt_20260516_124921929109,sensor_aula_01,2026-05-16T12:49:21,21.80,24.00,100.00,OK,arduino_serial
evt_20260516_124924953458,sensor_aula_01,2026-05-16T12:49:24,21.70,24.00,100.00,OK,arduino_serial
evt_20260516_124927978411,sensor_aula_01,2026-05-16T12:49:27,21.80,24.00,100.00,OK,arduino_serial
evt_20260516_124931002486,sensor_aula_01,2026-05-16T12:49:31,21.80,24.00,100.00,OK,arduino_serial
evt_20260516_124934026966,sensor_aula_01,2026-05-16T12:49:34,21.80,24.00,100.00,OK,arduino_serial
evt_20260516_124937051471,sensor_aula_01,2026-05-16T12:49:37,21.80,24.00,100.00,OK,arduino_serial
evt_20260516_124940076345,sensor_aula_01,2026-05-16T12:49:40,21.80,24.00,100.00,OK,arduino_serial
evt_20260516_124943101354,sensor_aula_01,2026-05-16T12:49:43,21.80,24.00,100.00,OK,arduino_serial
evt_20260516_124946125602,sensor_aula_01,2026-05-16T12:49:46,21.80,24.00,100.00,OK,arduino_serial
evt_20260516_124949150202,sensor_aula_01,2026-05-16T12:49:49,21.80,24.00,100.00,OK,arduino_serial
evt_20260516_124952174638,sensor_aula_01,2026-05-16T12:49:52,21.90,24.00,100.00,OK,arduino_serial
evt_20260516_124955199698,sensor_aula_01,2026-05-16T12:49:55,21.80,24.00,100.00,OK,arduino_serial
evt_20260516_124958223837,sensor_aula_01,2026-05-16T12:49:58,21.90,24.00,100.00,OK,arduino_serial
evt_20260516_125001249291,sensor_aula_01,2026-05-16T12:50:01,21.80,24.00,100.00,OK,arduino_serial
evt_20260516_125004273020,sensor_aula_01,2026-05-16T12:50:04,21.80,24.00,100.00,OK,arduino_serial
evt_20260516_125007298200,sensor_aula_01,2026-05-16T12:50:07,21.80,24.00,100.00,OK,arduino_serial
evt_20260516_125010323275,sensor_aula_01,2026-05-16T12:50:10,21.80,24.00,100.00,OK,arduino_serial
evt_20260516_125013347028,sensor_aula_01,2026-05-16T12:50:13,21.80,24.00,100.00,OK,arduino_serial
evt_20260516_125016371701,sensor_aula_01,2026-05-16T12:50:16,21.80,24.00,100.00,OK,arduino_serial
evt_20260516_125019396603,sensor_aula_01,2026-05-16T12:50:19,21.90,24.00,100.00,OK,arduino_serial
evt_20260516_125022421696,sensor_aula_01,2026-05-16T12:50:22,21.90,24.00,100.00,OK,arduino_serial
evt_20260516_125025445939,sensor_aula_01,2026-05-16T12:50:25,21.90,24.00,100.00,OK,arduino_serial
evt_20260516_125028470970,sensor_aula_01,2026-05-16T12:50:28,21.90,24.00,100.00,OK,arduino_serial
evt_20260516_125031495469,sensor_aula_01,2026-05-16T12:50:31,21.90,24.00,100.00,OK,arduino_serial
evt_20260516_125034520061,sensor_aula_01,2026-05-16T12:50:34,21.90,24.00,100.00,OK,arduino_serial
evt_20260516_125037544423,sensor_aula_01,2026-05-16T12:50:37,21.90,24.00,100.00,OK,arduino_serial
evt_20260516_125040568980,sensor_aula_01,2026-05-16T12:50:40,22.00,24.00,100.00,OK,arduino_serial
evt_20260516_125043593971,sensor_aula_01,2026-05-16T12:50:43,22.10,24.00,100.00,OK,arduino_serial
evt_20260516_125046618662,sensor_aula_01,2026-05-16T12:50:46,21.90,24.00,100.00,OK,arduino_serial
evt_20260516_125049642961,sensor_aula_01,2026-05-16T12:50:49,22.00,24.00,100.00,OK,arduino_serial
evt_20260516_125052668344,sensor_aula_01,2026-05-16T12:50:52,21.90,24.00,100.00,OK,arduino_serial
evt_20260516_125055692006,sensor_aula_01,2026-05-16T12:50:55,21.90,24.00,100.00,OK,arduino_serial
evt_20260516_125058717432,sensor_aula_01,2026-05-16T12:50:58,21.90,24.00,100.00,OK,arduino_serial
evt_20260516_125104766768,sensor_aula_01,2026-05-16T12:51:04,21.90,24.00,100.00,OK,arduino_serial
evt_20260516_125107791022,sensor_aula_01,2026-05-16T12:51:07,22.10,24.00,100.00,OK,arduino_serial
evt_20260516_125110815864,sensor_aula_01,2026-05-16T12:51:10,21.90,24.00,100.00,OK,arduino_serial
evt_20260516_125113840667,sensor_aula_01,2026-05-16T12:51:13,22.00,24.00,100.00,OK,arduino_serial
evt_20260516_125116865046,sensor_aula_01,2026-05-16T12:51:16,21.90,24.00,100.00,OK,arduino_serial
evt_20260516_125119889421,sensor_aula_01,2026-05-16T12:51:19,22.00,24.00,100.00,OK,arduino_serial
evt_20260516_125122914253,sensor_aula_01,2026-05-16T12:51:22,22.00,24.00,100.00,OK,arduino_serial
evt_20260516_125125938533,sensor_aula_01,2026-05-16T12:51:25,22.00,24.00,100.00,OK,arduino_serial
evt_20260516_125128963355,sensor_aula_01,2026-05-16T12:51:28,22.00,24.00,100.00,OK,arduino_serial
evt_20260516_125131988714,sensor_aula_01,2026-05-16T12:51:31,22.00,24.00,100.00,OK,arduino_serial
evt_20260516_125135012845,sensor_aula_01,2026-05-16T12:51:35,22.00,24.00,100.00,OK,arduino_serial
evt_20260516_125138037213,sensor_aula_01,2026-05-16T12:51:38,22.00,24.00,100.00,OK,arduino_serial
evt_20260516_125141062165,sensor_aula_01,2026-05-16T12:51:41,22.00,24.00,100.00,OK,arduino_serial
evt_20260516_125144086875,sensor_aula_01,2026-05-16T12:51:44,22.10,24.00,100.00,OK,arduino_serial
evt_20260516_125147111891,sensor_aula_01,2026-05-16T12:51:47,22.00,24.00,100.00,OK,arduino_serial
evt_20260516_125150135689,sensor_aula_01,2026-05-16T12:51:50,22.00,24.00,100.00,OK,arduino_serial
evt_20260516_125153161583,sensor_aula_01,2026-05-16T12:51:53,22.00,24.00,100.00,OK,arduino_serial
evt_20260516_125156184812,sensor_aula_01,2026-05-16T12:51:56,22.00,24.00,100.00,OK,arduino_serial
evt_20260516_125205259330,sensor_aula_01,2026-05-16T12:52:05,22.10,24.00,100.00,OK,arduino_serial
evt_20260516_125208283890,sensor_aula_01,2026-05-16T12:52:08,22.00,24.00,100.00,OK,arduino_serial
evt_20260516_125211308229,sensor_aula_01,2026-05-16T12:52:11,22.00,24.00,100.00,OK,arduino_serial
evt_20260516_125214332999,sensor_aula_01,2026-05-16T12:52:14,22.00,24.00,100.00,OK,arduino_serial
evt_20260516_125217357872,sensor_aula_01,2026-05-16T12:52:17,22.10,24.00,100.00,OK,arduino_serial
evt_20260516_125220382685,sensor_aula_01,2026-05-16T12:52:20,22.00,24.00,100.00,OK,arduino_serial
evt_20260516_125302073420,sensor_aula_01,2026-05-16T12:53:02,22.00,24.00,100.00,OK,arduino_serial
evt_20260516_125305097847,sensor_aula_01,2026-05-16T12:53:05,22.00,24.00,100.00,OK,arduino_serial
evt_20260516_125308122513,sensor_aula_01,2026-05-16T12:53:08,22.20,24.00,100.00,OK,arduino_serial
evt_20260516_125311147022,sensor_aula_01,2026-05-16T12:53:11,22.10,24.00,100.00,OK,arduino_serial
evt_20260516_125314171771,sensor_aula_01,2026-05-16T12:53:14,22.10,24.00,100.00,OK,arduino_serial
evt_20260516_125317195901,sensor_aula_01,2026-05-16T12:53:17,22.00,24.00,100.00,OK,arduino_serial
evt_20260516_125320220849,sensor_aula_01,2026-05-16T12:53:20,22.00,24.00,100.00,OK,arduino_serial
evt_20260516_125323245412,sensor_aula_01,2026-05-16T12:53:23,22.10,24.00,100.00,OK,arduino_serial
evt_20260516_125326270019,sensor_aula_01,2026-05-16T12:53:26,22.00,23.00,100.00,OK,arduino_serial
evt_20260516_125329294646,sensor_aula_01,2026-05-16T12:53:29,22.10,23.00,100.00,OK,arduino_serial
evt_20260516_125332319744,sensor_aula_01,2026-05-16T12:53:32,22.00,23.00,100.00,OK,arduino_serial
evt_20260516_125335344678,sensor_aula_01,2026-05-16T12:53:35,22.00,23.00,100.00,OK,arduino_serial
evt_20260516_125338369209,sensor_aula_01,2026-05-16T12:53:38,22.00,23.00,100.00,OK,arduino_serial
evt_20260516_125341393524,sensor_aula_01,2026-05-16T12:53:41,22.20,23.00,100.00,OK,arduino_serial
evt_20260516_125344418349,sensor_aula_01,2026-05-16T12:53:44,22.00,23.00,100.00,OK,arduino_serial
evt_20260516_125347443483,sensor_aula_01,2026-05-16T12:53:47,22.10,23.00,100.00,OK,arduino_serial
evt_20260516_125350467518,sensor_aula_01,2026-05-16T12:53:50,22.10,23.00,100.00,OK,arduino_serial
evt_20260516_125353492362,sensor_aula_01,2026-05-16T12:53:53,22.20,23.00,100.00,OK,arduino_serial
evt_20260516_125356517034,sensor_aula_01,2026-05-16T12:53:56,22.10,23.00,100.00,OK,arduino_serial
evt_20260516_125359541356,sensor_aula_01,2026-05-16T12:53:59,22.10,23.00,100.00,OK,arduino_serial
evt_20260516_125402566007,sensor_aula_01,2026-05-16T12:54:02,22.20,23.00,100.00,OK,arduino_serial
evt_20260516_125405591075,sensor_aula_01,2026-05-16T12:54:05,22.10,23.00,100.00,OK,arduino_serial
evt_20260516_125408614974,sensor_aula_01,2026-05-16T12:54:08,22.10,23.00,100.00,OK,arduino_serial
evt_20260516_125411639687,sensor_aula_01,2026-05-16T12:54:11,22.10,23.00,100.00,OK,arduino_serial
evt_20260516_125414664871,sensor_aula_01,2026-05-16T12:54:14,22.10,23.00,100.00,OK,arduino_serial
evt_20260516_125417689441,sensor_aula_01,2026-05-16T12:54:17,22.10,23.00,100.00,OK,arduino_serial
evt_20260516_125420714105,sensor_aula_01,2026-05-16T12:54:20,22.20,23.00,100.00,OK,arduino_serial
evt_20260516_125423738604,sensor_aula_01,2026-05-16T12:54:23,22.20,23.00,100.00,OK,arduino_serial
evt_20260516_125426763405,sensor_aula_01,2026-05-16T12:54:26,22.10,23.00,100.00,OK,arduino_serial
evt_20260516_125429788098,sensor_aula_01,2026-05-16T12:54:29,22.10,23.00,100.00,OK,arduino_serial
evt_20260516_125432812578,sensor_aula_01,2026-05-16T12:54:32,22.20,23.00,100.00,OK,arduino_serial
evt_20260516_125435837443,sensor_aula_01,2026-05-16T12:54:35,22.10,23.00,100.00,OK,arduino_serial
evt_20260516_125438862041,sensor_aula_01,2026-05-16T12:54:38,22.00,23.00,100.00,OK,arduino_serial
evt_20260516_125441886042,sensor_aula_01,2026-05-16T12:54:41,22.20,23.00,100.00,OK,arduino_serial
evt_20260516_125444911649,sensor_aula_01,2026-05-16T12:54:44,22.20,23.00,100.00,OK,arduino_serial
evt_20260516_125447936346,sensor_aula_01,2026-05-16T12:54:47,22.00,23.00,100.00,OK,arduino_serial
evt_20260516_125450960152,sensor_aula_01,2026-05-16T12:54:50,22.20,23.00,100.00,OK,arduino_serial
evt_20260516_125453984544,sensor_aula_01,2026-05-16T12:54:53,22.10,23.00,100.00,OK,arduino_serial
evt_20260516_125457009207,sensor_aula_01,2026-05-16T12:54:57,22.10,23.00,100.00,OK,arduino_serial
evt_20260516_125500034413,sensor_aula_01,2026-05-16T12:55:00,22.10,23.00,100.00,OK,arduino_serial
evt_20260516_125503060020,sensor_aula_01,2026-05-16T12:55:03,22.10,23.00,100.00,OK,arduino_serial
evt_20260516_125506083860,sensor_aula_01,2026-05-16T12:55:06,22.20,23.00,100.00,OK,arduino_serial
evt_20260516_125509108718,sensor_aula_01,2026-05-16T12:55:09,22.10,23.00,100.00,OK,arduino_serial
evt_20260516_125512133123,sensor_aula_01,2026-05-16T12:55:12,22.10,23.00,100.00,OK,arduino_serial
evt_20260516_125515157386,sensor_aula_01,2026-05-16T12:55:15,22.10,23.00,100.00,OK,arduino_serial
evt_20260516_125518181969,sensor_aula_01,2026-05-16T12:55:18,22.20,23.00,100.00,OK,arduino_serial
evt_20260516_125521207119,sensor_aula_01,2026-05-16T12:55:21,22.10,23.00,100.00,OK,arduino_serial
evt_20260516_125524231395,sensor_aula_01,2026-05-16T12:55:24,22.10,23.00,100.00,OK,arduino_serial
evt_20260516_125527256627,sensor_aula_01,2026-05-16T12:55:27,22.10,23.00,100.00,OK,arduino_serial
evt_20260516_125530281133,sensor_aula_01,2026-05-16T12:55:30,22.10,23.00,100.00,OK,arduino_serial
evt_20260516_125533305399,sensor_aula_01,2026-05-16T12:55:33,22.10,23.00,100.00,OK,arduino_serial
evt_20260516_125536330111,sensor_aula_01,2026-05-16T12:55:36,22.10,23.00,100.00,OK,arduino_serial
evt_20260516_125539354775,sensor_aula_01,2026-05-16T12:55:39,22.10,23.00,100.00,OK,arduino_serial
evt_20260516_125542379493,sensor_aula_01,2026-05-16T12:55:42,22.10,23.00,100.00,OK,arduino_serial
evt_20260516_125545403770,sensor_aula_01,2026-05-16T12:55:45,22.20,23.00,100.00,OK,arduino_serial
evt_20260516_125548429008,sensor_aula_01,2026-05-16T12:55:48,22.10,23.00,100.00,OK,arduino_serial
evt_20260516_125551453116,sensor_aula_01,2026-05-16T12:55:51,22.10,23.00,100.00,OK,arduino_serial
evt_20260516_125554477959,sensor_aula_01,2026-05-16T12:55:54,22.10,23.00,100.00,OK,arduino_serial
evt_20260516_125557502294,sensor_aula_01,2026-05-16T12:55:57,22.10,23.00,100.00,OK,arduino_serial
evt_20260516_125600526730,sensor_aula_01,2026-05-16T12:56:00,22.10,23.00,100.00,OK,arduino_serial
evt_20260516_125603551726,sensor_aula_01,2026-05-16T12:56:03,22.20,23.00,100.00,OK,arduino_serial
evt_20260516_125606576946,sensor_aula_01,2026-05-16T12:56:06,22.10,23.00,100.00,OK,arduino_serial
evt_20260516_125609600850,sensor_aula_01,2026-05-16T12:56:09,22.10,23.00,100.00,OK,arduino_serial
evt_20260516_125612625654,sensor_aula_01,2026-05-16T12:56:12,22.10,23.00,100.00,OK,arduino_serial
evt_20260516_125615650335,sensor_aula_01,2026-05-16T12:56:15,22.10,23.00,100.00,OK,arduino_serial
evt_20260516_125618674819,sensor_aula_01,2026-05-16T12:56:18,22.10,23.00,100.00,OK,arduino_serial
evt_20260516_125621699582,sensor_aula_01,2026-05-16T12:56:21,22.10,23.00,100.00,OK,arduino_serial
evt_20260516_125624725384,sensor_aula_01,2026-05-16T12:56:24,22.10,23.00,100.00,OK,arduino_serial
evt_20260516_125627749024,sensor_aula_01,2026-05-16T12:56:27,22.20,23.00,100.00,OK,arduino_serial
evt_20260516_125630774344,sensor_aula_01,2026-05-16T12:56:30,22.10,23.00,100.00,OK,arduino_serial
evt_20260516_125633798182,sensor_aula_01,2026-05-16T12:56:33,22.10,23.00,100.00,OK,arduino_serial
evt_20260516_125636823074,sensor_aula_01,2026-05-16T12:56:36,22.10,23.00,100.00,OK,arduino_serial
evt_20260516_125639847315,sensor_aula_01,2026-05-16T12:56:39,22.10,23.00,100.00,OK,arduino_serial
evt_20260516_125642872528,sensor_aula_01,2026-05-16T12:56:42,22.10,23.00,100.00,OK,arduino_serial
evt_20260516_125645896848,sensor_aula_01,2026-05-16T12:56:45,22.10,23.00,100.00,OK,arduino_serial
evt_20260516_125648921311,sensor_aula_01,2026-05-16T12:56:48,22.10,23.00,100.00,OK,arduino_serial
evt_20260516_125651946363,sensor_aula_01,2026-05-16T12:56:51,22.10,23.00,100.00,OK,arduino_serial
evt_20260516_125654971155,sensor_aula_01,2026-05-16T12:56:54,22.10,23.00,100.00,OK,arduino_serial
evt_20260516_125657995326,sensor_aula_01,2026-05-16T12:56:57,22.10,23.00,100.00,OK,arduino_serial
evt_20260516_125859778071,sensor_aula_01,2026-05-16T12:58:59,22.30,24.00,100.00,OK,arduino_serial
evt_20260516_125902802157,sensor_aula_01,2026-05-16T12:59:02,22.30,24.00,100.00,OK,arduino_serial
evt_20260516_125905827380,sensor_aula_01,2026-05-16T12:59:05,22.40,24.00,100.00,OK,arduino_serial
evt_20260516_125908851517,sensor_aula_01,2026-05-16T12:59:08,22.40,24.00,100.00,OK,arduino_serial
evt_20260516_125911876403,sensor_aula_01,2026-05-16T12:59:11,22.40,24.00,100.00,OK,arduino_serial
evt_20260516_125914901078,sensor_aula_01,2026-05-16T12:59:14,22.30,24.00,100.00,OK,arduino_serial
evt_20260516_125917925916,sensor_aula_01,2026-05-16T12:59:17,22.30,24.00,100.00,OK,arduino_serial
evt_20260516_125920950485,sensor_aula_01,2026-05-16T12:59:20,22.30,24.00,100.00,OK,arduino_serial
evt_20260516_125923975266,sensor_aula_01,2026-05-16T12:59:23,22.30,24.00,100.00,OK,arduino_serial
evt_20260516_125927000736,sensor_aula_01,2026-05-16T12:59:27,22.30,24.00,100.00,OK,arduino_serial
evt_20260516_125930024144,sensor_aula_01,2026-05-16T12:59:30,22.30,24.00,100.00,OK,arduino_serial
evt_20260516_125933049043,sensor_aula_01,2026-05-16T12:59:33,22.30,24.00,100.00,OK,arduino_serial
evt_20260516_125936074137,sensor_aula_01,2026-05-16T12:59:36,22.30,24.00,100.00,OK,arduino_serial
evt_20260516_125939098560,sensor_aula_01,2026-05-16T12:59:39,22.30,24.00,100.00,OK,arduino_serial
evt_20260516_125942122846,sensor_aula_01,2026-05-16T12:59:42,22.30,23.00,100.00,OK,arduino_serial
evt_20260516_125945147364,sensor_aula_01,2026-05-16T12:59:45,22.30,23.00,100.00,OK,arduino_serial
evt_20260516_125948172802,sensor_aula_01,2026-05-16T12:59:48,22.30,23.00,100.00,OK,arduino_serial
evt_20260516_125951196878,sensor_aula_01,2026-05-16T12:59:51,22.40,23.00,100.00,OK,arduino_serial
evt_20260516_125954221944,sensor_aula_01,2026-05-16T12:59:54,22.30,23.00,100.00,OK,arduino_serial
evt_20260516_125957246775,sensor_aula_01,2026-05-16T12:59:57,22.30,23.00,100.00,OK,arduino_serial
evt_20260516_130000271387,sensor_aula_01,2026-05-16T13:00:00,22.50,23.00,100.00,OK,arduino_serial
evt_20260516_130003295597,sensor_aula_01,2026-05-16T13:00:03,22.30,23.00,100.00,OK,arduino_serial
evt_20260516_130006320622,sensor_aula_01,2026-05-16T13:00:06,22.30,23.00,100.00,OK,arduino_serial
evt_20260516_130009345347,sensor_aula_01,2026-05-16T13:00:09,22.30,23.00,100.00,OK,arduino_serial
evt_20260516_130012369685,sensor_aula_01,2026-05-16T13:00:12,22.30,23.00,100.00,OK,arduino_serial
evt_20260516_130015394338,sensor_aula_01,2026-05-16T13:00:15,22.30,23.00,100.00,OK,arduino_serial
evt_20260516_130018418563,sensor_aula_01,2026-05-16T13:00:18,22.30,23.00,100.00,OK,arduino_serial
evt_20260516_130021443937,sensor_aula_01,2026-05-16T13:00:21,22.40,23.00,100.00,OK,arduino_serial
evt_20260516_130024469009,sensor_aula_01,2026-05-16T13:00:24,22.30,23.00,100.00,OK,arduino_serial
evt_20260516_130027492969,sensor_aula_01,2026-05-16T13:00:27,22.40,23.00,100.00,OK,arduino_serial
evt_20260516_130030517618,sensor_aula_01,2026-05-16T13:00:30,22.30,23.00,100.00,OK,arduino_serial
evt_20260516_130033541998,sensor_aula_01,2026-05-16T13:00:33,22.20,23.00,100.00,OK,arduino_serial
evt_20260516_130036566874,sensor_aula_01,2026-05-16T13:00:36,22.20,23.00,100.00,OK,arduino_serial
evt_20260516_130039591534,sensor_aula_01,2026-05-16T13:00:39,22.20,23.00,100.00,OK,arduino_serial
evt_20260516_130042616459,sensor_aula_01,2026-05-16T13:00:42,22.30,23.00,100.00,OK,arduino_serial
evt_20260516_130045640875,sensor_aula_01,2026-05-16T13:00:45,22.20,23.00,100.00,OK,arduino_serial
evt_20260516_130048665617,sensor_aula_01,2026-05-16T13:00:48,22.20,23.00,100.00,OK,arduino_serial
evt_20260516_130051689820,sensor_aula_01,2026-05-16T13:00:51,22.20,23.00,100.00,OK,arduino_serial
evt_20260516_130054714276,sensor_aula_01,2026-05-16T13:00:54,22.30,23.00,100.00,OK,arduino_serial
evt_20260516_130057739529,sensor_aula_01,2026-05-16T13:00:57,22.20,23.00,100.00,OK,arduino_serial
evt_20260516_130100763748,sensor_aula_01,2026-05-16T13:01:00,22.20,23.00,100.00,OK,arduino_serial
evt_20260516_130103789180,sensor_aula_01,2026-05-16T13:01:03,22.20,23.00,100.00,OK,arduino_serial
evt_20260516_130106812995,sensor_aula_01,2026-05-16T13:01:06,22.20,23.00,100.00,OK,arduino_serial
evt_20260516_130109837760,sensor_aula_01,2026-05-16T13:01:09,22.30,23.00,100.00,OK,arduino_serial
evt_20260516_130112863290,sensor_aula_01,2026-05-16T13:01:12,22.30,23.00,100.00,OK,arduino_serial
evt_20260516_130115888134,sensor_aula_01,2026-05-16T13:01:15,22.20,23.00,100.00,OK,arduino_serial
evt_20260516_130118912645,sensor_aula_01,2026-05-16T13:01:18,22.20,23.00,100.00,OK,arduino_serial
evt_20260516_130121937254,sensor_aula_01,2026-05-16T13:01:21,22.20,23.00,100.00,OK,arduino_serial
evt_20260516_130124961107,sensor_aula_01,2026-05-16T13:01:24,22.20,23.00,100.00,OK,arduino_serial
evt_20260516_130127985764,sensor_aula_01,2026-05-16T13:01:27,22.20,23.00,100.00,OK,arduino_serial
evt_20260516_130131010585,sensor_aula_01,2026-05-16T13:01:31,22.30,23.00,100.00,OK,arduino_serial
evt_20260516_130134034874,sensor_aula_01,2026-05-16T13:01:34,22.20,23.00,100.00,OK,arduino_serial
evt_20260516_130137059767,sensor_aula_01,2026-05-16T13:01:37,22.20,23.00,100.00,OK,arduino_serial
evt_20260516_130140084328,sensor_aula_01,2026-05-16T13:01:40,22.20,23.00,100.00,OK,arduino_serial
evt_20260516_130143108455,sensor_aula_01,2026-05-16T13:01:43,22.30,23.00,100.00,OK,arduino_serial
evt_20260516_130146133465,sensor_aula_01,2026-05-16T13:01:46,22.20,23.00,100.00,OK,arduino_serial
evt_20260516_130149158000,sensor_aula_01,2026-05-16T13:01:49,22.20,23.00,100.00,OK,arduino_serial
evt_20260516_130152182638,sensor_aula_01,2026-05-16T13:01:52,22.20,23.00,100.00,OK,arduino_serial
evt_20260516_130155207347,sensor_aula_01,2026-05-16T13:01:55,22.20,23.00,100.00,OK,arduino_serial
evt_20260516_130158232543,sensor_aula_01,2026-05-16T13:01:58,22.20,23.00,100.00,OK,arduino_serial
evt_20260516_130201256833,sensor_aula_01,2026-05-16T13:02:01,22.20,23.00,100.00,OK,arduino_serial
evt_20260516_130204281779,sensor_aula_01,2026-05-16T13:02:04,22.20,23.00,100.00,OK,arduino_serial
evt_20260516_130207306233,sensor_aula_01,2026-05-16T13:02:07,22.30,23.00,100.00,OK,arduino_serial
evt_20260516_130210330493,sensor_aula_01,2026-05-16T13:02:10,22.30,23.00,100.00,OK,arduino_serial
evt_20260516_130213355391,sensor_aula_01,2026-05-16T13:02:13,22.20,23.00,100.00,OK,arduino_serial
evt_20260516_130216380227,sensor_aula_01,2026-05-16T13:02:16,22.20,23.00,100.00,OK,arduino_serial
evt_20260516_130219405487,sensor_aula_01,2026-05-16T13:02:19,22.20,23.00,100.00,OK,arduino_serial
evt_20260516_130222430024,sensor_aula_01,2026-05-16T13:02:22,22.20,23.00,100.00,OK,arduino_serial
evt_20260516_130225454163,sensor_aula_01,2026-05-16T13:02:25,22.20,22.00,100.00,OK,arduino_serial
evt_20260516_130228478857,sensor_aula_01,2026-05-16T13:02:28,22.20,22.00,100.00,OK,arduino_serial
evt_20260516_130231503519,sensor_aula_01,2026-05-16T13:02:31,22.20,22.00,100.00,OK,arduino_serial
evt_20260516_130234528205,sensor_aula_01,2026-05-16T13:02:34,22.20,22.00,100.00,OK,arduino_serial
evt_20260516_130237552777,sensor_aula_01,2026-05-16T13:02:37,22.20,22.00,100.00,OK,arduino_serial
evt_20260516_130240577121,sensor_aula_01,2026-05-16T13:02:40,22.20,22.00,100.00,OK,arduino_serial
evt_20260516_130243601670,sensor_aula_01,2026-05-16T13:02:43,22.20,22.00,100.00,OK,arduino_serial
evt_20260516_130246627189,sensor_aula_01,2026-05-16T13:02:46,22.20,22.00,100.00,OK,arduino_serial
evt_20260516_130249651203,sensor_aula_01,2026-05-16T13:02:49,22.20,22.00,100.00,OK,arduino_serial
evt_20260516_130252676119,sensor_aula_01,2026-05-16T13:02:52,22.20,22.00,100.00,OK,arduino_serial
evt_20260516_130255700065,sensor_aula_01,2026-05-16T13:02:55,22.20,22.00,100.00,OK,arduino_serial
evt_20260516_130258725497,sensor_aula_01,2026-05-16T13:02:58,22.20,23.00,100.00,OK,arduino_serial
evt_20260516_130301749532,sensor_aula_01,2026-05-16T13:03:01,22.30,23.00,100.00,OK,arduino_serial
evt_20260516_130304774896,sensor_aula_01,2026-05-16T13:03:04,22.30,23.00,100.00,OK,arduino_serial
evt_20260516_130307799745,sensor_aula_01,2026-05-16T13:03:07,22.20,23.00,100.00,OK,arduino_serial
evt_20260516_130310824528,sensor_aula_01,2026-05-16T13:03:10,22.20,23.00,100.00,OK,arduino_serial
evt_20260516_130313848742,sensor_aula_01,2026-05-16T13:03:13,22.20,23.00,100.00,OK,arduino_serial
evt_20260516_130316873559,sensor_aula_01,2026-05-16T13:03:16,22.30,23.00,100.00,OK,arduino_serial
evt_20260516_130319898003,sensor_aula_01,2026-05-16T13:03:19,22.30,23.00,100.00,OK,arduino_serial
evt_20260516_130322922175,sensor_aula_01,2026-05-16T13:03:22,22.30,23.00,100.00,OK,arduino_serial
evt_20260516_130325947228,sensor_aula_01,2026-05-16T13:03:25,22.30,23.00,100.00,OK,arduino_serial
evt_20260516_130328971894,sensor_aula_01,2026-05-16T13:03:28,22.20,23.00,100.00,OK,arduino_serial
evt_20260516_130331996134,sensor_aula_01,2026-05-16T13:03:31,22.20,23.00,100.00,OK,arduino_serial
evt_20260516_130335020820,sensor_aula_01,2026-05-16T13:03:35,22.20,23.00,100.00,OK,arduino_serial
evt_20260516_130338045600,sensor_aula_01,2026-05-16T13:03:38,22.20,23.00,100.00,OK,arduino_serial
evt_20260516_130341070424,sensor_aula_01,2026-05-16T13:03:41,22.20,23.00,100.00,OK,arduino_serial
evt_20260516_130344095062,sensor_aula_01,2026-05-16T13:03:44,22.20,23.00,100.00,OK,arduino_serial
evt_20260516_130347119877,sensor_aula_01,2026-05-16T13:03:47,22.30,23.00,100.00,OK,arduino_serial
evt_20260516_130350144084,sensor_aula_01,2026-05-16T13:03:50,22.20,23.00,100.00,OK,arduino_serial
evt_20260516_130353168568,sensor_aula_01,2026-05-16T13:03:53,22.30,23.00,100.00,OK,arduino_serial
evt_20260516_130356193078,sensor_aula_01,2026-05-16T13:03:56,22.30,23.00,100.00,OK,arduino_serial
evt_20260516_130359218337,sensor_aula_01,2026-05-16T13:03:59,22.30,23.00,100.00,OK,arduino_serial
evt_20260516_130402242988,sensor_aula_01,2026-05-16T13:04:02,22.20,23.00,100.00,OK,arduino_serial
evt_20260516_130405267343,sensor_aula_01,2026-05-16T13:04:05,22.30,22.00,100.00,OK,arduino_serial
evt_20260516_130408292250,sensor_aula_01,2026-05-16T13:04:08,22.30,22.00,100.00,OK,arduino_serial
evt_20260516_130411316509,sensor_aula_01,2026-05-16T13:04:11,22.30,22.00,100.00,OK,arduino_serial
evt_20260516_130414341123,sensor_aula_01,2026-05-16T13:04:14,22.20,22.00,100.00,OK,arduino_serial
evt_20260516_130417366160,sensor_aula_01,2026-05-16T13:04:17,22.30,22.00,100.00,OK,arduino_serial
evt_20260516_130420391017,sensor_aula_01,2026-05-16T13:04:20,22.30,22.00,100.00,OK,arduino_serial
evt_20260516_130423415476,sensor_aula_01,2026-05-16T13:04:23,22.30,22.00,100.00,OK,arduino_serial
evt_20260516_130426439850,sensor_aula_01,2026-05-16T13:04:26,22.30,22.00,100.00,OK,arduino_serial
evt_20260516_130429465138,sensor_aula_01,2026-05-16T13:04:29,22.30,22.00,100.00,OK,arduino_serial
evt_20260516_130432489775,sensor_aula_01,2026-05-16T13:04:32,22.30,22.00,100.00,OK,arduino_serial
evt_20260516_130435513827,sensor_aula_01,2026-05-16T13:04:35,22.30,22.00,100.00,OK,arduino_serial
evt_20260516_130438538717,sensor_aula_01,2026-05-16T13:04:38,22.20,22.00,100.00,OK,arduino_serial
evt_20260516_130441563434,sensor_aula_01,2026-05-16T13:04:41,22.30,22.00,100.00,OK,arduino_serial
evt_20260516_130444588078,sensor_aula_01,2026-05-16T13:04:44,22.30,22.00,100.00,OK,arduino_serial
evt_20260516_130447612930,sensor_aula_01,2026-05-16T13:04:47,22.20,22.00,100.00,OK,arduino_serial
evt_20260516_130450637094,sensor_aula_01,2026-05-16T13:04:50,22.20,22.00,100.00,OK,arduino_serial
evt_20260516_130453661993,sensor_aula_01,2026-05-16T13:04:53,22.30,22.00,100.00,OK,arduino_serial
evt_20260516_130456686245,sensor_aula_01,2026-05-16T13:04:56,22.30,22.00,100.00,OK,arduino_serial
evt_20260516_130459711310,sensor_aula_01,2026-05-16T13:04:59,22.20,23.00,100.00,OK,arduino_serial
evt_20260516_130502735922,sensor_aula_01,2026-05-16T13:05:02,22.20,23.00,100.00,OK,arduino_serial
evt_20260516_130505760027,sensor_aula_01,2026-05-16T13:05:05,22.20,23.00,100.00,OK,arduino_serial
evt_20260516_130508785263,sensor_aula_01,2026-05-16T13:05:08,22.20,23.00,100.00,OK,arduino_serial
evt_20260516_130511809813,sensor_aula_01,2026-05-16T13:05:11,22.20,23.00,100.00,OK,arduino_serial
evt_20260516_130514834155,sensor_aula_01,2026-05-16T13:05:14,22.20,23.00,100.00,OK,arduino_serial
evt_20260516_130517858633,sensor_aula_01,2026-05-16T13:05:17,22.30,23.00,100.00,OK,arduino_serial
evt_20260516_130520883911,sensor_aula_01,2026-05-16T13:05:20,22.20,23.00,100.00,OK,arduino_serial
evt_20260516_130523908836,sensor_aula_01,2026-05-16T13:05:23,22.20,23.00,100.00,OK,arduino_serial
evt_20260516_130526932856,sensor_aula_01,2026-05-16T13:05:26,22.20,22.00,100.00,OK,arduino_serial
evt_20260516_130529957936,sensor_aula_01,2026-05-16T13:05:29,22.30,22.00,100.00,OK,arduino_serial
evt_20260516_130532982401,sensor_aula_01,2026-05-16T13:05:32,22.30,22.00,100.00,OK,arduino_serial
evt_20260516_130536007414,sensor_aula_01,2026-05-16T13:05:36,22.30,22.00,100.00,OK,arduino_serial
evt_20260516_130539031620,sensor_aula_01,2026-05-16T13:05:39,22.30,22.00,100.00,OK,arduino_serial
evt_20260516_130542056787,sensor_aula_01,2026-05-16T13:05:42,22.20,23.00,100.00,OK,arduino_serial
evt_20260516_130545080844,sensor_aula_01,2026-05-16T13:05:45,22.20,23.00,100.00,OK,arduino_serial
evt_20260516_130548105153,sensor_aula_01,2026-05-16T13:05:48,22.20,22.00,100.00,OK,arduino_serial
evt_20260516_130551130489,sensor_aula_01,2026-05-16T13:05:51,22.30,22.00,100.00,OK,arduino_serial
evt_20260516_130554154706,sensor_aula_01,2026-05-16T13:05:54,22.20,22.00,100.00,OK,arduino_serial
evt_20260516_130557179414,sensor_aula_01,2026-05-16T13:05:57,22.30,22.00,100.00,OK,arduino_serial
evt_20260516_130600203523,sensor_aula_01,2026-05-16T13:06:00,22.30,22.00,100.00,OK,arduino_serial
evt_20260516_130603228405,sensor_aula_01,2026-05-16T13:06:03,22.20,22.00,100.00,OK,arduino_serial
evt_20260516_130606253316,sensor_aula_01,2026-05-16T13:06:06,22.20,22.00,100.00,OK,arduino_serial
evt_20260516_130609278101,sensor_aula_01,2026-05-16T13:06:09,22.30,22.00,100.00,OK,arduino_serial
evt_20260516_130612302271,sensor_aula_01,2026-05-16T13:06:12,22.20,22.00,100.00,OK,arduino_serial
evt_20260516_130615327638,sensor_aula_01,2026-05-16T13:06:15,22.20,22.00,100.00,OK,arduino_serial
evt_20260516_130618352290,sensor_aula_01,2026-05-16T13:06:18,22.20,22.00,100.00,OK,arduino_serial
evt_20260516_130621376524,sensor_aula_01,2026-05-16T13:06:21,22.20,22.00,100.00,OK,arduino_serial
evt_20260516_130624401311,sensor_aula_01,2026-05-16T13:06:24,22.20,22.00,100.00,OK,arduino_serial
evt_20260516_130627425788,sensor_aula_01,2026-05-16T13:06:27,22.20,22.00,100.00,OK,arduino_serial
evt_20260516_130630450612,sensor_aula_01,2026-05-16T13:06:30,22.20,22.00,100.00,OK,arduino_serial
evt_20260516_130633475340,sensor_aula_01,2026-05-16T13:06:33,22.20,22.00,100.00,OK,arduino_serial
evt_20260516_130636499918,sensor_aula_01,2026-05-16T13:06:36,22.20,22.00,100.00,OK,arduino_serial
evt_20260516_130639524963,sensor_aula_01,2026-05-16T13:06:39,22.20,22.00,100.00,OK,arduino_serial
evt_20260516_130642549162,sensor_aula_01,2026-05-16T13:06:42,22.30,22.00,100.00,OK,arduino_serial
evt_20260516_130645573957,sensor_aula_01,2026-05-16T13:06:45,22.30,22.00,100.00,OK,arduino_serial
evt_20260516_130648598324,sensor_aula_01,2026-05-16T13:06:48,22.20,22.00,100.00,OK,arduino_serial
evt_20260516_130651623002,sensor_aula_01,2026-05-16T13:06:51,22.20,22.00,100.00,OK,arduino_serial
evt_20260516_130654647561,sensor_aula_01,2026-05-16T13:06:54,22.20,22.00,100.00,OK,arduino_serial
evt_20260516_130657672382,sensor_aula_01,2026-05-16T13:06:57,22.20,22.00,100.00,OK,arduino_serial
evt_20260516_130700696987,sensor_aula_01,2026-05-16T13:07:00,22.20,22.00,100.00,OK,arduino_serial
evt_20260516_130703722303,sensor_aula_01,2026-05-16T13:07:03,22.20,22.00,100.00,OK,arduino_serial
evt_20260516_130706746155,sensor_aula_01,2026-05-16T13:07:06,22.20,22.00,100.00,OK,arduino_serial
evt_20260516_130709771216,sensor_aula_01,2026-05-16T13:07:09,22.20,22.00,100.00,OK,arduino_serial
evt_20260516_130712796255,sensor_aula_01,2026-05-16T13:07:12,22.30,22.00,100.00,OK,arduino_serial
evt_20260516_130715820879,sensor_aula_01,2026-05-16T13:07:15,22.20,22.00,100.00,OK,arduino_serial
evt_20260516_130718845225,sensor_aula_01,2026-05-16T13:07:18,22.20,22.00,100.00,OK,arduino_serial
evt_20260516_130721870125,sensor_aula_01,2026-05-16T13:07:21,22.20,22.00,100.00,OK,arduino_serial
evt_20260516_130724895154,sensor_aula_01,2026-05-16T13:07:24,22.20,22.00,100.00,OK,arduino_serial
evt_20260516_130727920119,sensor_aula_01,2026-05-16T13:07:27,22.20,22.00,100.00,OK,arduino_serial
evt_20260516_130730944427,sensor_aula_01,2026-05-16T13:07:30,22.20,22.00,100.00,OK,arduino_serial
evt_20260516_130733968686,sensor_aula_01,2026-05-16T13:07:33,22.20,22.00,100.00,OK,arduino_serial
evt_20260516_130736994210,sensor_aula_01,2026-05-16T13:07:36,22.30,22.00,100.00,OK,arduino_serial
evt_20260516_130740018046,sensor_aula_01,2026-05-16T13:07:40,22.20,22.00,100.00,OK,arduino_serial
evt_20260516_130743042864,sensor_aula_01,2026-05-16T13:07:43,22.20,22.00,100.00,OK,arduino_serial
evt_20260516_130746067696,sensor_aula_01,2026-05-16T13:07:46,22.30,22.00,100.00,OK,arduino_serial
evt_20260516_130749092642,sensor_aula_01,2026-05-16T13:07:49,22.20,22.00,100.00,OK,arduino_serial
evt_20260516_130752117739,sensor_aula_01,2026-05-16T13:07:52,22.20,22.00,100.00,OK,arduino_serial
evt_20260516_130755141954,sensor_aula_01,2026-05-16T13:07:55,22.20,22.00,100.00,OK,arduino_serial
evt_20260516_130758167056,sensor_aula_01,2026-05-16T13:07:58,22.30,22.00,100.00,OK,arduino_serial
evt_20260516_130801191457,sensor_aula_01,2026-05-16T13:08:01,22.20,22.00,100.00,OK,arduino_serial
evt_20260516_130804216027,sensor_aula_01,2026-05-16T13:08:04,22.20,22.00,100.00,OK,arduino_serial
evt_20260516_130807240633,sensor_aula_01,2026-05-16T13:08:07,22.20,22.00,100.00,OK,arduino_serial
evt_20260516_130810265820,sensor_aula_01,2026-05-16T13:08:10,22.20,22.00,100.00,OK,arduino_serial
evt_20260516_130813290182,sensor_aula_01,2026-05-16T13:08:13,22.20,22.00,100.00,OK,arduino_serial
evt_20260516_130816314978,sensor_aula_01,2026-05-16T13:08:16,22.20,22.00,100.00,OK,arduino_serial
evt_20260516_130819340022,sensor_aula_01,2026-05-16T13:08:19,22.20,22.00,100.00,OK,arduino_serial
evt_20260516_130822364471,sensor_aula_01,2026-05-16T13:08:22,22.20,22.00,100.00,OK,arduino_serial
evt_20260516_130825389399,sensor_aula_01,2026-05-16T13:08:25,22.20,22.00,100.00,OK,arduino_serial
evt_20260516_130828414019,sensor_aula_01,2026-05-16T13:08:28,22.30,22.00,100.00,OK,arduino_serial
evt_20260516_130831439585,sensor_aula_01,2026-05-16T13:08:31,22.20,22.00,100.00,OK,arduino_serial
evt_20260516_130834463446,sensor_aula_01,2026-05-16T13:08:34,22.20,22.00,100.00,OK,arduino_serial
evt_20260516_130837488151,sensor_aula_01,2026-05-16T13:08:37,22.20,22.00,100.00,OK,arduino_serial
evt_20260516_130840513176,sensor_aula_01,2026-05-16T13:08:40,22.20,22.00,100.00,OK,arduino_serial
evt_20260516_130843537504,sensor_aula_01,2026-05-16T13:08:43,22.20,22.00,100.00,OK,arduino_serial
evt_20260516_130846562438,sensor_aula_01,2026-05-16T13:08:46,22.20,22.00,100.00,OK,arduino_serial
evt_20260516_130849587193,sensor_aula_01,2026-05-16T13:08:49,22.20,22.00,100.00,OK,arduino_serial
evt_20260516_130852611547,sensor_aula_01,2026-05-16T13:08:52,22.20,22.00,100.00,OK,arduino_serial
evt_20260516_130855636775,sensor_aula_01,2026-05-16T13:08:55,22.20,22.00,100.00,OK,arduino_serial
evt_20260516_130858661121,sensor_aula_01,2026-05-16T13:08:58,22.20,22.00,100.00,OK,arduino_serial
evt_20260516_130901686036,sensor_aula_01,2026-05-16T13:09:01,22.20,22.00,100.00,OK,arduino_serial
evt_20260516_130904710358,sensor_aula_01,2026-05-16T13:09:04,22.20,22.00,100.00,OK,arduino_serial
evt_20260516_130907735126,sensor_aula_01,2026-05-16T13:09:07,22.20,22.00,100.00,OK,arduino_serial
evt_20260516_130910760180,sensor_aula_01,2026-05-16T13:09:10,22.20,22.00,100.00,OK,arduino_serial
evt_20260516_130913784904,sensor_aula_01,2026-05-16T13:09:13,22.20,22.00,100.00,OK,arduino_serial
evt_20260516_130916809817,sensor_aula_01,2026-05-16T13:09:16,22.20,22.00,100.00,OK,arduino_serial
evt_20260516_130919834581,sensor_aula_01,2026-05-16T13:09:19,22.20,22.00,100.00,OK,arduino_serial
evt_20260516_130922858708,sensor_aula_01,2026-05-16T13:09:22,22.20,22.00,100.00,OK,arduino_serial
evt_20260516_130925883505,sensor_aula_01,2026-05-16T13:09:25,22.20,22.00,100.00,OK,arduino_serial
evt_20260516_130928908387,sensor_aula_01,2026-05-16T13:09:28,22.20,22.00,100.00,OK,arduino_serial
evt_20260516_130931933058,sensor_aula_01,2026-05-16T13:09:31,22.20,22.00,100.00,OK,arduino_serial
evt_20260516_130934958614,sensor_aula_01,2026-05-16T13:09:34,22.20,22.00,100.00,OK,arduino_serial
evt_20260516_130937982427,sensor_aula_01,2026-05-16T13:09:37,22.20,22.00,100.00,OK,arduino_serial
evt_20260516_130941007515,sensor_aula_01,2026-05-16T13:09:41,22.20,22.00,100.00,OK,arduino_serial
evt_20260516_130944031846,sensor_aula_01,2026-05-16T13:09:44,22.20,22.00,100.00,OK,arduino_serial
evt_20260516_130947056861,sensor_aula_01,2026-05-16T13:09:47,22.20,22.00,100.00,OK,arduino_serial
evt_20260516_130950081995,sensor_aula_01,2026-05-16T13:09:50,22.20,22.00,100.00,OK,arduino_serial
evt_20260516_130953106411,sensor_aula_01,2026-05-16T13:09:53,22.20,22.00,100.00,OK,arduino_serial
evt_20260516_130956130621,sensor_aula_01,2026-05-16T13:09:56,22.20,22.00,100.00,OK,arduino_serial
evt_20260516_130959155349,sensor_aula_01,2026-05-16T13:09:59,22.20,22.00,100.00,OK,arduino_serial
evt_20260516_131002180146,sensor_aula_01,2026-05-16T13:10:02,22.20,22.00,100.00,OK,arduino_serial
evt_20260516_131005205573,sensor_aula_01,2026-05-16T13:10:05,22.20,22.00,100.00,OK,arduino_serial
evt_20260516_131008230060,sensor_aula_01,2026-05-16T13:10:08,22.20,22.00,100.00,OK,arduino_serial
evt_20260516_131011254641,sensor_aula_01,2026-05-16T13:10:11,22.20,22.00,100.00,OK,arduino_serial
evt_20260516_131014278755,sensor_aula_01,2026-05-16T13:10:14,22.20,22.00,100.00,OK,arduino_serial
evt_20260516_131017303747,sensor_aula_01,2026-05-16T13:10:17,22.20,22.00,100.00,OK,arduino_serial
evt_20260516_131020329634,sensor_aula_01,2026-05-16T13:10:20,22.20,22.00,100.00,OK,arduino_serial
evt_20260516_131023353120,sensor_aula_01,2026-05-16T13:10:23,22.20,22.00,100.00,OK,arduino_serial
evt_20260516_131026378593,sensor_aula_01,2026-05-16T13:10:26,22.20,22.00,100.00,OK,arduino_serial
evt_20260516_131029402725,sensor_aula_01,2026-05-16T13:10:29,22.20,22.00,100.00,OK,arduino_serial
evt_20260516_131032427920,sensor_aula_01,2026-05-16T13:10:32,22.20,22.00,100.00,OK,arduino_serial
evt_20260516_131035452352,sensor_aula_01,2026-05-16T13:10:35,22.20,22.00,100.00,OK,arduino_serial
evt_20260516_131038476965,sensor_aula_01,2026-05-16T13:10:38,22.20,22.00,100.00,OK,arduino_serial
evt_20260516_131041501748,sensor_aula_01,2026-05-16T13:10:41,22.20,22.00,100.00,OK,arduino_serial
evt_20260516_131044526292,sensor_aula_01,2026-05-16T13:10:44,22.20,22.00,100.00,OK,arduino_serial
evt_20260516_131047551279,sensor_aula_01,2026-05-16T13:10:47,22.20,22.00,100.00,OK,arduino_serial
evt_20260516_131050576033,sensor_aula_01,2026-05-16T13:10:50,22.20,22.00,100.00,OK,arduino_serial
evt_20260516_131053600685,sensor_aula_01,2026-05-16T13:10:53,22.20,22.00,100.00,OK,arduino_serial
evt_20260516_131056625441,sensor_aula_01,2026-05-16T13:10:56,22.20,22.00,100.00,OK,arduino_serial
evt_20260516_131059649804,sensor_aula_01,2026-05-16T13:10:59,22.20,22.00,100.00,OK,arduino_serial
evt_20260516_131102674720,sensor_aula_01,2026-05-16T13:11:02,22.20,22.00,100.00,OK,arduino_serial
evt_20260516_131105699285,sensor_aula_01,2026-05-16T13:11:05,22.20,22.00,100.00,OK,arduino_serial
evt_20260516_131108724255,sensor_aula_01,2026-05-16T13:11:08,22.20,22.00,100.00,OK,arduino_serial
evt_20260516_131111749307,sensor_aula_01,2026-05-16T13:11:11,22.30,22.00,100.00,OK,arduino_serial
evt_20260516_131114773530,sensor_aula_01,2026-05-16T13:11:14,22.20,22.00,100.00,OK,arduino_serial
evt_20260516_131117798337,sensor_aula_01,2026-05-16T13:11:17,22.20,22.00,100.00,OK,arduino_serial
evt_20260516_131120823070,sensor_aula_01,2026-05-16T13:11:20,22.20,22.00,100.00,OK,arduino_serial
evt_20260516_131123848221,sensor_aula_01,2026-05-16T13:11:23,22.20,22.00,100.00,OK,arduino_serial
evt_20260516_131126872523,sensor_aula_01,2026-05-16T13:11:26,22.20,22.00,100.00,OK,arduino_serial
evt_20260516_131129896731,sensor_aula_01,2026-05-16T13:11:29,22.20,22.00,100.00,OK,arduino_serial
evt_20260516_131132921910,sensor_aula_01,2026-05-16T13:11:32,22.20,22.00,100.00,OK,arduino_serial
evt_20260516_131135946299,sensor_aula_01,2026-05-16T13:11:35,22.20,22.00,100.00,OK,arduino_serial
evt_20260516_131138971562,sensor_aula_01,2026-05-16T13:11:38,22.20,22.00,100.00,OK,arduino_serial
evt_20260516_131141996165,sensor_aula_01,2026-05-16T13:11:41,22.20,22.00,100.00,OK,arduino_serial
evt_20260516_131145021139,sensor_aula_01,2026-05-16T13:11:45,22.20,22.00,100.00,OK,arduino_serial
evt_20260516_131148045115,sensor_aula_01,2026-05-16T13:11:48,22.20,22.00,100.00,OK,arduino_serial
evt_20260516_131151070329,sensor_aula_01,2026-05-16T13:11:51,22.20,22.00,100.00,OK,arduino_serial
evt_20260516_131154095075,sensor_aula_01,2026-05-16T13:11:54,22.20,22.00,100.00,OK,arduino_serial
evt_20260516_131157119914,sensor_aula_01,2026-05-16T13:11:57,22.20,22.00,100.00,OK,arduino_serial
evt_20260516_131200144367,sensor_aula_01,2026-05-16T13:12:00,22.20,22.00,100.00,OK,arduino_serial
evt_20260516_131203168858,sensor_aula_01,2026-05-16T13:12:03,22.20,22.00,100.00,OK,arduino_serial
evt_20260516_131206193983,sensor_aula_01,2026-05-16T13:12:06,22.30,22.00,100.00,OK,arduino_serial
evt_20260516_131209218543,sensor_aula_01,2026-05-16T13:12:09,22.20,22.00,100.00,OK,arduino_serial
evt_20260516_131212243392,sensor_aula_01,2026-05-16T13:12:12,22.20,22.00,100.00,OK,arduino_serial
evt_20260516_131215267815,sensor_aula_01,2026-05-16T13:12:15,22.20,22.00,100.00,OK,arduino_serial
evt_20260516_131218292359,sensor_aula_01,2026-05-16T13:12:18,22.20,22.00,100.00,OK,arduino_serial
evt_20260516_131221317471,sensor_aula_01,2026-05-16T13:12:21,22.20,22.00,100.00,OK,arduino_serial
evt_20260516_131224342164,sensor_aula_01,2026-05-16T13:12:24,22.30,22.00,100.00,OK,arduino_serial
evt_20260516_131227366988,sensor_aula_01,2026-05-16T13:12:27,22.20,22.00,100.00,OK,arduino_serial
evt_20260516_131230391896,sensor_aula_01,2026-05-16T13:12:30,22.30,22.00,100.00,OK,arduino_serial
evt_20260516_131233416368,sensor_aula_01,2026-05-16T13:12:33,22.20,22.00,100.00,OK,arduino_serial
evt_20260516_131236440772,sensor_aula_01,2026-05-16T13:12:36,22.30,22.00,100.00,OK,arduino_serial
evt_20260516_131239465545,sensor_aula_01,2026-05-16T13:12:39,22.30,22.00,100.00,OK,arduino_serial
evt_20260516_131242490892,sensor_aula_01,2026-05-16T13:12:42,22.30,22.00,100.00,OK,arduino_serial
evt_20260516_131245515441,sensor_aula_01,2026-05-16T13:12:45,22.30,22.00,100.00,OK,arduino_serial
evt_20260516_131248539910,sensor_aula_01,2026-05-16T13:12:48,22.30,22.00,100.00,OK,arduino_serial
evt_20260516_131251564953,sensor_aula_01,2026-05-16T13:12:51,22.30,22.00,100.00,OK,arduino_serial
evt_20260516_131254589258,sensor_aula_01,2026-05-16T13:12:54,22.30,22.00,100.00,OK,arduino_serial
evt_20260516_131257613984,sensor_aula_01,2026-05-16T13:12:57,22.30,22.00,100.00,OK,arduino_serial
evt_20260516_131300639146,sensor_aula_01,2026-05-16T13:13:00,22.30,22.00,100.00,OK,arduino_serial
evt_20260516_131303663195,sensor_aula_01,2026-05-16T13:13:03,22.30,22.00,100.00,OK,arduino_serial
evt_20260516_131306687800,sensor_aula_01,2026-05-16T13:13:06,22.30,22.00,100.00,OK,arduino_serial
evt_20260516_131309713269,sensor_aula_01,2026-05-16T13:13:09,22.30,22.00,100.00,OK,arduino_serial
evt_20260516_131312737915,sensor_aula_01,2026-05-16T13:13:12,22.30,22.00,100.00,OK,arduino_serial
evt_20260516_131315762241,sensor_aula_01,2026-05-16T13:13:15,22.30,22.00,100.00,OK,arduino_serial
evt_20260516_131318787088,sensor_aula_01,2026-05-16T13:13:18,22.30,22.00,100.00,OK,arduino_serial
evt_20260516_131321811795,sensor_aula_01,2026-05-16T13:13:21,22.30,22.00,100.00,OK,arduino_serial
evt_20260516_131324837281,sensor_aula_01,2026-05-16T13:13:24,22.30,22.00,100.00,OK,arduino_serial
evt_20260516_131327861469,sensor_aula_01,2026-05-16T13:13:27,22.30,22.00,100.00,OK,arduino_serial
evt_20260516_131330885566,sensor_aula_01,2026-05-16T13:13:30,22.30,22.00,100.00,OK,arduino_serial
evt_20260516_131333910598,sensor_aula_01,2026-05-16T13:13:33,22.30,22.00,100.00,OK,arduino_serial
evt_20260516_131336935338,sensor_aula_01,2026-05-16T13:13:36,22.30,22.00,100.00,OK,arduino_serial
evt_20260516_131339960088,sensor_aula_01,2026-05-16T13:13:39,22.30,22.00,100.00,OK,arduino_serial
evt_20260516_131342984813,sensor_aula_01,2026-05-16T13:13:42,22.30,22.00,100.00,OK,arduino_serial
evt_20260516_131346009456,sensor_aula_01,2026-05-16T13:13:46,22.30,22.00,100.00,OK,arduino_serial
evt_20260516_131349033848,sensor_aula_01,2026-05-16T13:13:49,22.40,22.00,100.00,OK,arduino_serial
evt_20260516_131352058895,sensor_aula_01,2026-05-16T13:13:52,22.30,22.00,100.00,OK,arduino_serial
evt_20260516_131355083723,sensor_aula_01,2026-05-16T13:13:55,22.30,22.00,100.00,OK,arduino_serial
evt_20260516_131358108756,sensor_aula_01,2026-05-16T13:13:58,22.30,22.00,100.00,OK,arduino_serial
evt_20260516_131401132690,sensor_aula_01,2026-05-16T13:14:01,22.30,22.00,100.00,OK,arduino_serial
evt_20260516_131404158014,sensor_aula_01,2026-05-16T13:14:04,22.30,22.00,100.00,OK,arduino_serial
evt_20260516_131407182641,sensor_aula_01,2026-05-16T13:14:07,22.30,22.00,100.00,OK,arduino_serial
evt_20260516_131410206969,sensor_aula_01,2026-05-16T13:14:10,22.30,22.00,100.00,OK,arduino_serial
evt_20260516_131413231732,sensor_aula_01,2026-05-16T13:14:13,22.30,22.00,100.00,OK,arduino_serial
evt_20260516_131416256462,sensor_aula_01,2026-05-16T13:14:16,22.30,22.00,100.00,OK,arduino_serial
evt_20260516_131419281691,sensor_aula_01,2026-05-16T13:14:19,22.30,22.00,100.00,OK,arduino_serial
evt_20260516_131422305801,sensor_aula_01,2026-05-16T13:14:22,22.20,22.00,100.00,OK,arduino_serial
evt_20260516_131425330702,sensor_aula_01,2026-05-16T13:14:25,22.20,22.00,100.00,OK,arduino_serial
evt_20260516_131428355777,sensor_aula_01,2026-05-16T13:14:28,22.30,22.00,100.00,OK,arduino_serial
evt_20260516_131431380411,sensor_aula_01,2026-05-16T13:14:31,22.30,22.00,100.00,OK,arduino_serial
evt_20260516_131434404870,sensor_aula_01,2026-05-16T13:14:34,22.20,22.00,100.00,OK,arduino_serial
evt_20260516_131437429757,sensor_aula_01,2026-05-16T13:14:37,22.20,22.00,100.00,OK,arduino_serial
evt_20260516_131440454288,sensor_aula_01,2026-05-16T13:14:40,22.20,22.00,100.00,OK,arduino_serial
evt_20260516_131443479764,sensor_aula_01,2026-05-16T13:14:43,22.20,22.00,100.00,OK,arduino_serial
evt_20260516_131446503799,sensor_aula_01,2026-05-16T13:14:46,22.20,22.00,100.00,OK,arduino_serial
evt_20260516_131449528314,sensor_aula_01,2026-05-16T13:14:49,22.20,22.00,100.00,OK,arduino_serial
evt_20260516_131452552910,sensor_aula_01,2026-05-16T13:14:52,22.20,22.00,100.00,OK,arduino_serial
evt_20260516_131455578191,sensor_aula_01,2026-05-16T13:14:55,22.20,22.00,100.00,OK,arduino_serial
evt_20260516_131458603073,sensor_aula_01,2026-05-16T13:14:58,22.20,22.00,100.00,OK,arduino_serial
evt_20260516_131501627736,sensor_aula_01,2026-05-16T13:15:01,22.30,22.00,100.00,OK,arduino_serial
evt_20260516_131504651768,sensor_aula_01,2026-05-16T13:15:04,22.20,22.00,100.00,OK,arduino_serial
evt_20260516_131507677718,sensor_aula_01,2026-05-16T13:15:07,22.20,22.00,100.00,OK,arduino_serial
evt_20260516_131510702746,sensor_aula_01,2026-05-16T13:15:10,22.20,22.00,100.00,OK,arduino_serial
evt_20260516_131513726091,sensor_aula_01,2026-05-16T13:15:13,22.30,22.00,100.00,OK,arduino_serial
evt_20260516_131516751105,sensor_aula_01,2026-05-16T13:15:16,22.20,22.00,100.00,OK,arduino_serial
evt_20260516_131519775963,sensor_aula_01,2026-05-16T13:15:19,22.30,22.00,100.00,OK,arduino_serial
evt_20260516_131522800769,sensor_aula_01,2026-05-16T13:15:22,22.20,22.00,100.00,OK,arduino_serial
evt_20260516_131525826601,sensor_aula_01,2026-05-16T13:15:25,22.20,22.00,100.00,OK,arduino_serial
evt_20260516_131528849467,sensor_aula_01,2026-05-16T13:15:28,22.20,22.00,100.00,OK,arduino_serial
evt_20260516_131531874767,sensor_aula_01,2026-05-16T13:15:31,22.20,22.00,100.00,OK,arduino_serial
evt_20260516_131534899453,sensor_aula_01,2026-05-16T13:15:34,22.30,22.00,100.00,OK,arduino_serial
evt_20260516_131537924086,sensor_aula_01,2026-05-16T13:15:37,22.20,22.00,100.00,OK,arduino_serial
evt_20260516_131540948640,sensor_aula_01,2026-05-16T13:15:40,22.20,22.00,100.00,OK,arduino_serial
evt_20260516_131543973871,sensor_aula_01,2026-05-16T13:15:43,22.20,22.00,100.00,OK,arduino_serial
evt_20260516_131546997739,sensor_aula_01,2026-05-16T13:15:46,22.20,22.00,100.00,OK,arduino_serial
evt_20260516_131550022535,sensor_aula_01,2026-05-16T13:15:50,22.20,22.00,100.00,OK,arduino_serial
evt_20260516_131553047101,sensor_aula_01,2026-05-16T13:15:53,22.20,22.00,100.00,OK,arduino_serial
evt_20260516_131556072307,sensor_aula_01,2026-05-16T13:15:56,22.30,22.00,100.00,OK,arduino_serial
evt_20260516_131559096803,sensor_aula_01,2026-05-16T13:15:59,22.20,22.00,100.00,OK,arduino_serial
evt_20260516_131602121829,sensor_aula_01,2026-05-16T13:16:02,22.20,22.00,100.00,OK,arduino_serial
evt_20260516_131605146465,sensor_aula_01,2026-05-16T13:16:05,22.20,22.00,100.00,OK,arduino_serial
evt_20260516_131608171406,sensor_aula_01,2026-05-16T13:16:08,22.30,22.00,100.00,OK,arduino_serial
evt_20260516_131611195669,sensor_aula_01,2026-05-16T13:16:11,22.20,22.00,100.00,OK,arduino_serial
evt_20260516_131614220579,sensor_aula_01,2026-05-16T13:16:14,22.20,22.00,100.00,OK,arduino_serial
evt_20260516_131617245202,sensor_aula_01,2026-05-16T13:16:17,22.30,22.00,100.00,OK,arduino_serial
evt_20260516_131620269718,sensor_aula_01,2026-05-16T13:16:20,22.20,22.00,100.00,OK,arduino_serial
evt_20260516_131623294331,sensor_aula_01,2026-05-16T13:16:23,22.20,22.00,100.00,OK,arduino_serial
evt_20260516_131626320145,sensor_aula_01,2026-05-16T13:16:26,22.20,22.00,100.00,OK,arduino_serial
evt_20260516_131629344440,sensor_aula_01,2026-05-16T13:16:29,22.20,22.00,100.00,OK,arduino_serial
evt_20260516_131632369135,sensor_aula_01,2026-05-16T13:16:32,22.20,22.00,100.00,OK,arduino_serial
evt_20260516_131635393628,sensor_aula_01,2026-05-16T13:16:35,22.20,22.00,100.00,OK,arduino_serial
evt_20260516_131638418841,sensor_aula_01,2026-05-16T13:16:38,22.20,22.00,100.00,OK,arduino_serial
evt_20260516_131641443443,sensor_aula_01,2026-05-16T13:16:41,22.20,22.00,100.00,OK,arduino_serial
evt_20260516_131644468187,sensor_aula_01,2026-05-16T13:16:44,22.20,22.00,100.00,OK,arduino_serial
evt_20260516_131647492339,sensor_aula_01,2026-05-16T13:16:47,22.20,22.00,100.00,OK,arduino_serial
evt_20260516_131650517591,sensor_aula_01,2026-05-16T13:16:50,22.20,22.00,100.00,OK,arduino_serial
evt_20260516_131653542185,sensor_aula_01,2026-05-16T13:16:53,22.20,22.00,100.00,OK,arduino_serial
evt_20260516_131656566712,sensor_aula_01,2026-05-16T13:16:56,22.30,22.00,100.00,OK,arduino_serial
evt_20260516_131659591678,sensor_aula_01,2026-05-16T13:16:59,22.30,22.00,100.00,OK,arduino_serial
evt_20260516_131702615837,sensor_aula_01,2026-05-16T13:17:02,22.20,22.00,100.00,OK,arduino_serial
evt_20260516_131705640783,sensor_aula_01,2026-05-16T13:17:05,22.20,22.00,100.00,OK,arduino_serial
evt_20260516_131708665983,sensor_aula_01,2026-05-16T13:17:08,22.20,22.00,100.00,OK,arduino_serial
evt_20260516_131711691225,sensor_aula_01,2026-05-16T13:17:11,22.20,22.00,100.00,OK,arduino_serial
evt_20260516_131714714877,sensor_aula_01,2026-05-16T13:17:14,22.20,22.00,100.00,OK,arduino_serial
evt_20260516_131717739365,sensor_aula_01,2026-05-16T13:17:17,22.20,22.00,100.00,OK,arduino_serial
evt_20260516_131720763964,sensor_aula_01,2026-05-16T13:17:20,22.20,22.00,100.00,OK,arduino_serial
evt_20260516_131723788857,sensor_aula_01,2026-05-16T13:17:23,22.20,22.00,100.00,OK,arduino_serial
evt_20260516_131726813389,sensor_aula_01,2026-05-16T13:17:26,22.20,22.00,100.00,OK,arduino_serial
evt_20260516_131729838547,sensor_aula_01,2026-05-16T13:17:29,22.20,22.00,100.00,OK,arduino_serial
evt_20260516_131732862868,sensor_aula_01,2026-05-16T13:17:32,22.20,22.00,100.00,OK,arduino_serial
evt_20260516_131735887917,sensor_aula_01,2026-05-16T13:17:35,22.30,22.00,100.00,OK,arduino_serial
evt_20260516_131738913084,sensor_aula_01,2026-05-16T13:17:38,22.30,22.00,100.00,OK,arduino_serial
evt_20260516_131741938146,sensor_aula_01,2026-05-16T13:17:41,22.30,22.00,100.00,OK,arduino_serial
evt_20260516_131744961878,sensor_aula_01,2026-05-16T13:17:44,22.30,22.00,100.00,OK,arduino_serial
evt_20260516_131747986576,sensor_aula_01,2026-05-16T13:17:47,22.20,22.00,100.00,OK,arduino_serial
evt_20260516_131751011904,sensor_aula_01,2026-05-16T13:17:51,22.30,22.00,100.00,OK,arduino_serial
evt_20260516_131754036517,sensor_aula_01,2026-05-16T13:17:54,22.20,22.00,100.00,OK,arduino_serial
evt_20260516_131757061515,sensor_aula_01,2026-05-16T13:17:57,22.30,22.00,100.00,OK,arduino_serial
evt_20260516_131800085829,sensor_aula_01,2026-05-16T13:18:00,22.20,22.00,100.00,OK,arduino_serial
evt_20260516_131803110870,sensor_aula_01,2026-05-16T13:18:03,22.30,22.00,100.00,OK,arduino_serial
evt_20260516_131806136887,sensor_aula_01,2026-05-16T13:18:06,22.20,22.00,100.00,OK,arduino_serial
evt_20260516_131809159658,sensor_aula_01,2026-05-16T13:18:09,22.20,22.00,100.00,OK,arduino_serial
evt_20260516_131812184359,sensor_aula_01,2026-05-16T13:18:12,22.20,22.00,100.00,OK,arduino_serial
evt_20260516_131815208907,sensor_aula_01,2026-05-16T13:18:15,22.30,22.00,100.00,OK,arduino_serial
evt_20260516_131818234290,sensor_aula_01,2026-05-16T13:18:18,22.20,22.00,100.00,OK,arduino_serial
evt_20260516_131821259071,sensor_aula_01,2026-05-16T13:18:21,22.20,22.00,100.00,OK,arduino_serial
evt_20260516_131824283900,sensor_aula_01,2026-05-16T13:18:24,22.30,22.00,100.00,OK,arduino_serial
evt_20260516_131827308339,sensor_aula_01,2026-05-16T13:18:27,22.30,22.00,100.00,OK,arduino_serial
evt_20260516_131830333006,sensor_aula_01,2026-05-16T13:18:30,22.30,22.00,100.00,OK,arduino_serial
evt_20260516_131833357653,sensor_aula_01,2026-05-16T13:18:33,22.30,22.00,100.00,OK,arduino_serial
evt_20260516_131836382621,sensor_aula_01,2026-05-16T13:18:36,22.30,22.00,100.00,OK,arduino_serial
evt_20260516_131839406950,sensor_aula_01,2026-05-16T13:18:39,22.20,22.00,100.00,OK,arduino_serial
evt_20260516_131842432203,sensor_aula_01,2026-05-16T13:18:42,22.30,22.00,100.00,OK,arduino_serial
evt_20260516_131845456952,sensor_aula_01,2026-05-16T13:18:45,22.30,22.00,100.00,OK,arduino_serial
evt_20260516_131848481893,sensor_aula_01,2026-05-16T13:18:48,22.30,22.00,100.00,OK,arduino_serial
evt_20260516_131851506122,sensor_aula_01,2026-05-16T13:18:51,22.30,22.00,100.00,OK,arduino_serial
evt_20260516_131854531098,sensor_aula_01,2026-05-16T13:18:54,22.30,22.00,100.00,OK,arduino_serial
evt_20260516_131857555990,sensor_aula_01,2026-05-16T13:18:57,22.30,22.00,100.00,OK,arduino_serial
evt_20260516_131900579685,sensor_aula_01,2026-05-16T13:19:00,22.30,22.00,100.00,OK,arduino_serial
evt_20260516_131903604416,sensor_aula_01,2026-05-16T13:19:03,22.30,22.00,100.00,OK,arduino_serial
evt_20260516_131906629306,sensor_aula_01,2026-05-16T13:19:06,22.30,22.00,100.00,OK,arduino_serial
evt_20260516_131909654001,sensor_aula_01,2026-05-16T13:19:09,22.30,22.00,100.00,OK,arduino_serial
evt_20260516_131912679183,sensor_aula_01,2026-05-16T13:19:12,22.30,22.00,100.00,OK,arduino_serial
evt_20260516_131915703737,sensor_aula_01,2026-05-16T13:19:15,22.30,22.00,100.00,OK,arduino_serial
evt_20260516_131918728654,sensor_aula_01,2026-05-16T13:19:18,22.30,22.00,100.00,OK,arduino_serial
evt_20260516_131921753599,sensor_aula_01,2026-05-16T13:19:21,22.30,22.00,100.00,OK,arduino_serial
evt_20260516_131924778351,sensor_aula_01,2026-05-16T13:19:24,22.30,22.00,100.00,OK,arduino_serial
evt_20260516_131927803104,sensor_aula_01,2026-05-16T13:19:27,22.30,22.00,100.00,OK,arduino_serial
evt_20260516_131930827031,sensor_aula_01,2026-05-16T13:19:30,22.40,22.00,100.00,OK,arduino_serial
evt_20260516_131933851816,sensor_aula_01,2026-05-16T13:19:33,22.30,22.00,100.00,OK,arduino_serial
evt_20260516_131936876486,sensor_aula_01,2026-05-16T13:19:36,22.30,22.00,100.00,OK,arduino_serial
evt_20260516_131939901570,sensor_aula_01,2026-05-16T13:19:39,22.30,22.00,100.00,OK,arduino_serial
evt_20260516_131942926213,sensor_aula_01,2026-05-16T13:19:42,22.40,22.00,100.00,OK,arduino_serial
evt_20260516_131945951329,sensor_aula_01,2026-05-16T13:19:45,22.30,22.00,100.00,OK,arduino_serial
evt_20260516_131948975919,sensor_aula_01,2026-05-16T13:19:48,22.30,22.00,100.00,OK,arduino_serial
evt_20260516_131952001787,sensor_aula_01,2026-05-16T13:19:52,22.30,22.00,100.00,OK,arduino_serial
evt_20260516_131955025358,sensor_aula_01,2026-05-16T13:19:55,22.30,22.00,100.00,OK,arduino_serial
evt_20260516_131958049893,sensor_aula_01,2026-05-16T13:19:58,22.30,22.00,100.00,OK,arduino_serial
evt_20260516_132001075402,sensor_aula_01,2026-05-16T13:20:01,22.30,22.00,100.00,OK,arduino_serial
evt_20260516_132004099489,sensor_aula_01,2026-05-16T13:20:04,22.30,22.00,100.00,OK,arduino_serial
evt_20260516_132007123658,sensor_aula_01,2026-05-16T13:20:07,22.30,22.00,100.00,OK,arduino_serial
evt_20260516_132010148538,sensor_aula_01,2026-05-16T13:20:10,22.30,22.00,100.00,OK,arduino_serial
evt_20260516_132013173815,sensor_aula_01,2026-05-16T13:20:13,22.30,22.00,100.00,OK,arduino_serial
evt_20260516_132016197973,sensor_aula_01,2026-05-16T13:20:16,22.30,22.00,100.00,OK,arduino_serial
evt_20260516_132019222672,sensor_aula_01,2026-05-16T13:20:19,22.40,22.00,100.00,OK,arduino_serial
evt_20260516_132022248203,sensor_aula_01,2026-05-16T13:20:22,22.30,22.00,100.00,OK,arduino_serial
evt_20260516_132025272506,sensor_aula_01,2026-05-16T13:20:25,22.30,22.00,100.00,OK,arduino_serial
evt_20260516_132028296838,sensor_aula_01,2026-05-16T13:20:28,22.30,22.00,100.00,OK,arduino_serial
evt_20260516_132031321610,sensor_aula_01,2026-05-16T13:20:31,22.30,22.00,100.00,OK,arduino_serial
evt_20260516_132034346564,sensor_aula_01,2026-05-16T13:20:34,22.30,22.00,100.00,OK,arduino_serial
evt_20260516_132037371157,sensor_aula_01,2026-05-16T13:20:37,22.30,22.00,100.00,OK,arduino_serial
evt_20260516_132040395984,sensor_aula_01,2026-05-16T13:20:40,22.30,22.00,100.00,OK,arduino_serial
evt_20260516_132043420769,sensor_aula_01,2026-05-16T13:20:43,22.30,22.00,100.00,OK,arduino_serial
evt_20260516_132046445460,sensor_aula_01,2026-05-16T13:20:46,22.30,22.00,100.00,OK,arduino_serial
evt_20260516_132049469906,sensor_aula_01,2026-05-16T13:20:49,22.30,22.00,100.00,OK,arduino_serial
evt_20260516_132052495191,sensor_aula_01,2026-05-16T13:20:52,22.30,22.00,100.00,OK,arduino_serial
evt_20260516_132055519668,sensor_aula_01,2026-05-16T13:20:55,22.30,22.00,100.00,OK,arduino_serial
evt_20260516_132058544375,sensor_aula_01,2026-05-16T13:20:58,22.30,22.00,100.00,OK,arduino_serial
evt_20260516_132101569136,sensor_aula_01,2026-05-16T13:21:01,22.30,22.00,100.00,OK,arduino_serial
evt_20260516_132104593421,sensor_aula_01,2026-05-16T13:21:04,22.30,22.00,100.00,OK,arduino_serial
evt_20260516_132107618820,sensor_aula_01,2026-05-16T13:21:07,22.30,22.00,100.00,OK,arduino_serial
evt_20260516_132110643311,sensor_aula_01,2026-05-16T13:21:10,22.30,22.00,100.00,OK,arduino_serial
evt_20260516_132113667227,sensor_aula_01,2026-05-16T13:21:13,22.30,22.00,100.00,OK,arduino_serial
evt_20260516_132116692191,sensor_aula_01,2026-05-16T13:21:16,22.30,22.00,100.00,OK,arduino_serial
evt_20260516_132119717105,sensor_aula_01,2026-05-16T13:21:19,22.30,22.00,100.00,OK,arduino_serial
evt_20260516_132122741676,sensor_aula_01,2026-05-16T13:21:22,22.30,22.00,100.00,OK,arduino_serial
evt_20260516_132125766706,sensor_aula_01,2026-05-16T13:21:25,22.30,22.00,100.00,OK,arduino_serial
evt_20260516_132128791538,sensor_aula_01,2026-05-16T13:21:28,22.30,22.00,100.00,OK,arduino_serial
evt_20260516_132131816186,sensor_aula_01,2026-05-16T13:21:31,22.30,22.00,100.00,OK,arduino_serial
evt_20260516_132134840750,sensor_aula_01,2026-05-16T13:21:34,22.30,22.00,100.00,OK,arduino_serial
evt_20260516_132137865656,sensor_aula_01,2026-05-16T13:21:37,22.30,22.00,100.00,OK,arduino_serial
evt_20260516_132140890194,sensor_aula_01,2026-05-16T13:21:40,22.30,22.00,100.00,OK,arduino_serial
evt_20260516_132143915233,sensor_aula_01,2026-05-16T13:21:43,22.30,22.00,100.00,OK,arduino_serial
evt_20260516_132146938989,sensor_aula_01,2026-05-16T13:21:46,22.30,22.00,100.00,OK,arduino_serial
evt_20260516_132149964580,sensor_aula_01,2026-05-16T13:21:49,22.30,22.00,100.00,OK,arduino_serial
evt_20260516_132152988704,sensor_aula_01,2026-05-16T13:21:52,22.30,22.00,100.00,OK,arduino_serial
evt_20260516_132156013870,sensor_aula_01,2026-05-16T13:21:56,22.30,22.00,100.00,OK,arduino_serial
evt_20260516_132159038591,sensor_aula_01,2026-05-16T13:21:59,22.30,22.00,100.00,OK,arduino_serial
evt_20260516_132202062930,sensor_aula_01,2026-05-16T13:22:02,22.30,22.00,100.00,OK,arduino_serial
evt_20260516_132205087859,sensor_aula_01,2026-05-16T13:22:05,22.30,22.00,100.00,OK,arduino_serial
evt_20260516_132208112948,sensor_aula_01,2026-05-16T13:22:08,22.30,22.00,100.00,OK,arduino_serial
evt_20260516_132211136897,sensor_aula_01,2026-05-16T13:22:11,22.20,22.00,100.00,OK,arduino_serial
evt_20260516_132214162206,sensor_aula_01,2026-05-16T13:22:14,22.20,22.00,100.00,OK,arduino_serial
evt_20260516_132217186617,sensor_aula_01,2026-05-16T13:22:17,22.30,22.00,100.00,OK,arduino_serial
evt_20260516_132220211134,sensor_aula_01,2026-05-16T13:22:20,22.30,22.00,100.00,OK,arduino_serial
evt_20260516_132223236430,sensor_aula_01,2026-05-16T13:22:23,22.20,22.00,100.00,OK,arduino_serial
evt_20260516_132226260763,sensor_aula_01,2026-05-16T13:22:26,22.20,22.00,100.00,OK,arduino_serial
evt_20260516_132229285653,sensor_aula_01,2026-05-16T13:22:29,22.20,22.00,100.00,OK,arduino_serial
evt_20260516_132232310409,sensor_aula_01,2026-05-16T13:22:32,22.30,22.00,100.00,OK,arduino_serial
evt_20260516_132235335370,sensor_aula_01,2026-05-16T13:22:35,22.20,22.00,100.00,OK,arduino_serial
evt_20260516_132238359609,sensor_aula_01,2026-05-16T13:22:38,22.20,22.00,100.00,OK,arduino_serial
evt_20260516_132241384785,sensor_aula_01,2026-05-16T13:22:41,22.20,22.00,100.00,OK,arduino_serial
evt_20260516_132244409195,sensor_aula_01,2026-05-16T13:22:44,22.20,22.00,100.00,OK,arduino_serial
evt_20260516_132247434295,sensor_aula_01,2026-05-16T13:22:47,22.30,22.00,100.00,OK,arduino_serial
evt_20260516_132250458809,sensor_aula_01,2026-05-16T13:22:50,22.30,22.00,100.00,OK,arduino_serial
evt_20260516_132253483408,sensor_aula_01,2026-05-16T13:22:53,22.20,22.00,100.00,OK,arduino_serial
evt_20260516_132256508360,sensor_aula_01,2026-05-16T13:22:56,22.20,22.00,100.00,OK,arduino_serial
evt_20260516_132259532511,sensor_aula_01,2026-05-16T13:22:59,22.20,22.00,100.00,OK,arduino_serial
evt_20260516_132302557157,sensor_aula_01,2026-05-16T13:23:02,22.20,22.00,100.00,OK,arduino_serial
evt_20260516_132305582313,sensor_aula_01,2026-05-16T13:23:05,22.20,22.00,100.00,OK,arduino_serial
evt_20260516_132308606873,sensor_aula_01,2026-05-16T13:23:08,22.20,22.00,100.00,OK,arduino_serial
evt_20260516_132311632214,sensor_aula_01,2026-05-16T13:23:11,22.20,22.00,100.00,OK,arduino_serial
evt_20260516_132314656364,sensor_aula_01,2026-05-16T13:23:14,22.30,22.00,100.00,OK,arduino_serial
evt_20260516_132317680997,sensor_aula_01,2026-05-16T13:23:17,22.20,22.00,100.00,OK,arduino_serial
evt_20260516_132320705609,sensor_aula_01,2026-05-16T13:23:20,22.20,22.00,100.00,OK,arduino_serial
evt_20260516_132323730533,sensor_aula_01,2026-05-16T13:23:23,22.20,22.00,100.00,OK,arduino_serial
evt_20260516_132326755986,sensor_aula_01,2026-05-16T13:23:26,22.20,22.00,100.00,OK,arduino_serial
evt_20260516_132329780232,sensor_aula_01,2026-05-16T13:23:29,22.30,22.00,100.00,OK,arduino_serial
evt_20260516_132332804695,sensor_aula_01,2026-05-16T13:23:32,22.30,22.00,100.00,OK,arduino_serial
evt_20260516_132335829293,sensor_aula_01,2026-05-16T13:23:35,22.20,22.00,100.00,OK,arduino_serial
evt_20260516_132338854550,sensor_aula_01,2026-05-16T13:23:38,22.30,22.00,100.00,OK,arduino_serial
evt_20260516_132341878958,sensor_aula_01,2026-05-16T13:23:41,22.30,22.00,100.00,OK,arduino_serial
evt_20260516_132344903958,sensor_aula_01,2026-05-16T13:23:44,22.30,22.00,100.00,OK,arduino_serial
evt_20260516_132347928705,sensor_aula_01,2026-05-16T13:23:47,22.30,22.00,100.00,OK,arduino_serial
evt_20260516_132350953481,sensor_aula_01,2026-05-16T13:23:50,22.30,22.00,100.00,OK,arduino_serial
evt_20260516_132353977929,sensor_aula_01,2026-05-16T13:23:53,22.30,22.00,100.00,OK,arduino_serial
evt_20260516_132357002642,sensor_aula_01,2026-05-16T13:23:57,22.30,22.00,100.00,OK,arduino_serial
evt_20260516_132400027285,sensor_aula_01,2026-05-16T13:24:00,22.30,22.00,100.00,OK,arduino_serial
evt_20260516_132403051850,sensor_aula_01,2026-05-16T13:24:03,22.40,22.00,100.00,OK,arduino_serial
evt_20260516_132406076631,sensor_aula_01,2026-05-16T13:24:06,22.30,22.00,100.00,OK,arduino_serial
evt_20260516_132409101796,sensor_aula_01,2026-05-16T13:24:09,22.30,22.00,100.00,OK,arduino_serial
evt_20260516_132412126221,sensor_aula_01,2026-05-16T13:24:12,22.30,22.00,100.00,OK,arduino_serial
evt_20260516_132415151090,sensor_aula_01,2026-05-16T13:24:15,22.30,22.00,100.00,OK,arduino_serial
evt_20260516_132418175598,sensor_aula_01,2026-05-16T13:24:18,22.30,22.00,100.00,OK,arduino_serial
evt_20260516_132421200569,sensor_aula_01,2026-05-16T13:24:21,22.30,22.00,100.00,OK,arduino_serial
evt_20260516_132424225534,sensor_aula_01,2026-05-16T13:24:24,22.30,22.00,100.00,OK,arduino_serial
evt_20260516_132427250498,sensor_aula_01,2026-05-16T13:24:27,22.30,22.00,100.00,OK,arduino_serial
evt_20260516_132430274710,sensor_aula_01,2026-05-16T13:24:30,22.40,22.00,100.00,OK,arduino_serial
evt_20260516_132433299332,sensor_aula_01,2026-05-16T13:24:33,22.30,22.00,100.00,OK,arduino_serial
evt_20260516_132436324313,sensor_aula_01,2026-05-16T13:24:36,22.40,22.00,100.00,OK,arduino_serial
evt_20260516_132439349273,sensor_aula_01,2026-05-16T13:24:39,22.40,22.00,100.00,OK,arduino_serial
evt_20260516_132442374179,sensor_aula_01,2026-05-16T13:24:42,22.30,22.00,100.00,OK,arduino_serial
evt_20260516_132445398646,sensor_aula_01,2026-05-16T13:24:45,22.30,22.00,100.00,OK,arduino_serial
evt_20260516_132448423459,sensor_aula_01,2026-05-16T13:24:48,22.40,22.00,100.00,OK,arduino_serial
evt_20260516_132451448487,sensor_aula_01,2026-05-16T13:24:51,22.30,22.00,100.00,OK,arduino_serial
evt_20260516_132454472772,sensor_aula_01,2026-05-16T13:24:54,22.40,22.00,100.00,OK,arduino_serial
evt_20260516_132457498152,sensor_aula_01,2026-05-16T13:24:57,22.30,22.00,100.00,OK,arduino_serial
evt_20260516_132500522930,sensor_aula_01,2026-05-16T13:25:00,22.30,22.00,100.00,OK,arduino_serial
evt_20260516_132503547160,sensor_aula_01,2026-05-16T13:25:03,22.40,22.00,100.00,OK,arduino_serial
evt_20260516_132506571799,sensor_aula_01,2026-05-16T13:25:06,22.40,22.00,100.00,OK,arduino_serial
evt_20260516_132509596846,sensor_aula_01,2026-05-16T13:25:09,22.30,22.00,100.00,OK,arduino_serial
evt_20260516_132512621482,sensor_aula_01,2026-05-16T13:25:12,22.30,22.00,100.00,OK,arduino_serial
evt_20260516_132515646471,sensor_aula_01,2026-05-16T13:25:15,22.30,22.00,100.00,OK,arduino_serial
evt_20260516_132518671141,sensor_aula_01,2026-05-16T13:25:18,22.30,22.00,100.00,OK,arduino_serial
evt_20260516_132521696098,sensor_aula_01,2026-05-16T13:25:21,22.30,22.00,100.00,OK,arduino_serial
evt_20260516_132524720671,sensor_aula_01,2026-05-16T13:25:24,22.40,22.00,100.00,OK,arduino_serial
evt_20260516_132527745394,sensor_aula_01,2026-05-16T13:25:27,22.40,22.00,100.00,OK,arduino_serial
evt_20260516_132530769924,sensor_aula_01,2026-05-16T13:25:30,22.40,22.00,100.00,OK,arduino_serial
evt_20260516_132533794730,sensor_aula_01,2026-05-16T13:25:33,22.40,22.00,100.00,OK,arduino_serial
evt_20260516_132536819396,sensor_aula_01,2026-05-16T13:25:36,22.40,22.00,100.00,OK,arduino_serial
evt_20260516_132539844437,sensor_aula_01,2026-05-16T13:25:39,22.40,22.00,100.00,OK,arduino_serial
evt_20260516_132542868875,sensor_aula_01,2026-05-16T13:25:42,22.40,22.00,100.00,OK,arduino_serial
evt_20260516_132545893953,sensor_aula_01,2026-05-16T13:25:45,22.40,22.00,100.00,OK,arduino_serial
evt_20260516_132548918850,sensor_aula_01,2026-05-16T13:25:48,22.40,22.00,100.00,OK,arduino_serial
evt_20260516_132551943494,sensor_aula_01,2026-05-16T13:25:51,22.40,22.00,100.00,OK,arduino_serial
evt_20260516_132554968205,sensor_aula_01,2026-05-16T13:25:54,22.40,22.00,100.00,OK,arduino_serial
evt_20260516_132557992673,sensor_aula_01,2026-05-16T13:25:57,22.40,22.00,100.00,OK,arduino_serial
evt_20260516_132601017752,sensor_aula_01,2026-05-16T13:26:01,22.40,22.00,100.00,OK,arduino_serial
evt_20260516_132604042697,sensor_aula_01,2026-05-16T13:26:04,22.40,22.00,100.00,OK,arduino_serial
evt_20260516_132607067450,sensor_aula_01,2026-05-16T13:26:07,22.30,22.00,100.00,OK,arduino_serial
evt_20260516_132610092144,sensor_aula_01,2026-05-16T13:26:10,22.30,22.00,100.00,OK,arduino_serial
evt_20260516_132613117337,sensor_aula_01,2026-05-16T13:26:13,22.40,22.00,100.00,OK,arduino_serial
evt_20260516_132616141807,sensor_aula_01,2026-05-16T13:26:16,22.30,22.00,100.00,OK,arduino_serial
evt_20260516_132619166281,sensor_aula_01,2026-05-16T13:26:19,22.40,22.00,100.00,OK,arduino_serial
evt_20260516_132622191489,sensor_aula_01,2026-05-16T13:26:22,22.30,22.00,100.00,OK,arduino_serial
evt_20260516_132625216017,sensor_aula_01,2026-05-16T13:26:25,22.30,22.00,100.00,OK,arduino_serial
evt_20260516_132628241188,sensor_aula_01,2026-05-16T13:26:28,22.40,22.00,100.00,OK,arduino_serial
evt_20260516_132631265939,sensor_aula_01,2026-05-16T13:26:31,22.30,22.00,100.00,OK,arduino_serial
evt_20260516_132634290360,sensor_aula_01,2026-05-16T13:26:34,22.30,22.00,100.00,OK,arduino_serial
evt_20260516_132637315130,sensor_aula_01,2026-05-16T13:26:37,22.30,22.00,100.00,OK,arduino_serial
evt_20260516_132640339968,sensor_aula_01,2026-05-16T13:26:40,22.30,22.00,100.00,OK,arduino_serial
evt_20260516_132643364833,sensor_aula_01,2026-05-16T13:26:43,22.30,22.00,100.00,OK,arduino_serial
evt_20260516_132646389349,sensor_aula_01,2026-05-16T13:26:46,22.30,22.00,100.00,OK,arduino_serial
evt_20260516_132649414565,sensor_aula_01,2026-05-16T13:26:49,22.30,22.00,100.00,OK,arduino_serial
evt_20260516_132652439126,sensor_aula_01,2026-05-16T13:26:52,22.30,22.00,100.00,OK,arduino_serial
evt_20260516_132655463466,sensor_aula_01,2026-05-16T13:26:55,22.30,22.00,100.00,OK,arduino_serial
evt_20260516_132658488559,sensor_aula_01,2026-05-16T13:26:58,22.30,22.00,100.00,OK,arduino_serial
evt_20260516_132701513159,sensor_aula_01,2026-05-16T13:27:01,22.30,22.00,100.00,OK,arduino_serial
evt_20260516_132704537864,sensor_aula_01,2026-05-16T13:27:04,22.30,22.00,100.00,OK,arduino_serial
evt_20260516_132707562625,sensor_aula_01,2026-05-16T13:27:07,22.30,22.00,100.00,OK,arduino_serial
evt_20260516_132710587489,sensor_aula_01,2026-05-16T13:27:10,22.30,22.00,100.00,OK,arduino_serial
evt_20260516_132713612757,sensor_aula_01,2026-05-16T13:27:13,22.30,22.00,100.00,OK,arduino_serial
evt_20260516_132716636484,sensor_aula_01,2026-05-16T13:27:16,22.40,22.00,100.00,OK,arduino_serial
evt_20260516_132719661668,sensor_aula_01,2026-05-16T13:27:19,22.30,22.00,100.00,OK,arduino_serial
evt_20260516_132722686692,sensor_aula_01,2026-05-16T13:27:22,22.30,22.00,100.00,OK,arduino_serial
evt_20260516_132725711190,sensor_aula_01,2026-05-16T13:27:25,22.40,22.00,100.00,OK,arduino_serial
evt_20260516_132728736399,sensor_aula_01,2026-05-16T13:27:28,22.30,22.00,100.00,OK,arduino_serial
evt_20260516_132731761507,sensor_aula_01,2026-05-16T13:27:31,22.30,22.00,100.00,OK,arduino_serial
evt_20260516_132734785749,sensor_aula_01,2026-05-16T13:27:34,22.30,22.00,100.00,OK,arduino_serial
evt_20260516_132737810318,sensor_aula_01,2026-05-16T13:27:37,22.30,22.00,100.00,OK,arduino_serial
evt_20260516_132740835521,sensor_aula_01,2026-05-16T13:27:40,22.30,22.00,100.00,OK,arduino_serial
evt_20260516_132743860351,sensor_aula_01,2026-05-16T13:27:43,22.30,22.00,100.00,OK,arduino_serial
evt_20260516_132746884349,sensor_aula_01,2026-05-16T13:27:46,22.30,22.00,100.00,OK,arduino_serial
evt_20260516_132749909474,sensor_aula_01,2026-05-16T13:27:49,22.30,22.00,100.00,OK,arduino_serial
evt_20260516_132752934520,sensor_aula_01,2026-05-16T13:27:52,22.30,22.00,100.00,OK,arduino_serial
evt_20260516_132755958886,sensor_aula_01,2026-05-16T13:27:55,22.30,22.00,100.00,OK,arduino_serial
evt_20260516_132758983678,sensor_aula_01,2026-05-16T13:27:58,22.30,22.00,100.00,OK,arduino_serial
evt_20260516_132802008063,sensor_aula_01,2026-05-16T13:28:02,22.40,22.00,100.00,OK,arduino_serial
evt_20260516_132805033709,sensor_aula_01,2026-05-16T13:28:05,22.30,22.00,100.00,OK,arduino_serial
evt_20260516_132808058013,sensor_aula_01,2026-05-16T13:28:08,22.30,22.00,100.00,OK,arduino_serial
evt_20260516_132811082908,sensor_aula_01,2026-05-16T13:28:11,22.30,22.00,100.00,OK,arduino_serial
evt_20260516_132814107607,sensor_aula_01,2026-05-16T13:28:14,22.30,22.00,100.00,OK,arduino_serial
evt_20260516_132817132442,sensor_aula_01,2026-05-16T13:28:17,22.30,22.00,100.00,OK,arduino_serial
evt_20260516_132820156859,sensor_aula_01,2026-05-16T13:28:20,22.30,22.00,100.00,OK,arduino_serial
evt_20260516_132823181810,sensor_aula_01,2026-05-16T13:28:23,22.30,22.00,100.00,OK,arduino_serial
evt_20260516_132826206715,sensor_aula_01,2026-05-16T13:28:26,22.30,22.00,100.00,OK,arduino_serial
evt_20260516_132829231665,sensor_aula_01,2026-05-16T13:28:29,22.30,22.00,100.00,OK,arduino_serial
evt_20260516_132832256499,sensor_aula_01,2026-05-16T13:28:32,22.30,22.00,100.00,OK,arduino_serial
evt_20260516_132835281181,sensor_aula_01,2026-05-16T13:28:35,22.30,22.00,100.00,OK,arduino_serial
evt_20260516_132838305710,sensor_aula_01,2026-05-16T13:28:38,22.30,22.00,100.00,OK,arduino_serial
evt_20260516_132841331116,sensor_aula_01,2026-05-16T13:28:41,22.30,22.00,100.00,OK,arduino_serial
evt_20260516_132844355536,sensor_aula_01,2026-05-16T13:28:44,22.30,22.00,100.00,OK,arduino_serial
evt_20260516_132847380036,sensor_aula_01,2026-05-16T13:28:47,22.30,22.00,100.00,OK,arduino_serial
evt_20260516_132850404859,sensor_aula_01,2026-05-16T13:28:50,22.30,22.00,100.00,OK,arduino_serial
evt_20260516_132853429567,sensor_aula_01,2026-05-16T13:28:53,22.30,22.00,100.00,OK,arduino_serial
evt_20260516_132856454516,sensor_aula_01,2026-05-16T13:28:56,22.30,22.00,100.00,OK,arduino_serial
evt_20260516_132859479892,sensor_aula_01,2026-05-16T13:28:59,22.30,22.00,100.00,OK,arduino_serial
evt_20260516_132902503422,sensor_aula_01,2026-05-16T13:29:02,22.40,22.00,100.00,OK,arduino_serial
evt_20260516_132905529272,sensor_aula_01,2026-05-16T13:29:05,22.30,22.00,100.00,OK,arduino_serial
evt_20260516_132908553991,sensor_aula_01,2026-05-16T13:29:08,22.30,22.00,100.00,OK,arduino_serial
evt_20260516_132911578246,sensor_aula_01,2026-05-16T13:29:11,22.40,22.00,100.00,OK,arduino_serial
evt_20260516_132914603040,sensor_aula_01,2026-05-16T13:29:14,22.30,22.00,100.00,OK,arduino_serial
evt_20260516_132917627491,sensor_aula_01,2026-05-16T13:29:17,22.30,22.00,100.00,OK,arduino_serial
evt_20260516_132920652635,sensor_aula_01,2026-05-16T13:29:20,22.30,22.00,100.00,OK,arduino_serial
evt_20260516_132923677619,sensor_aula_01,2026-05-16T13:29:23,22.30,22.00,100.00,OK,arduino_serial
evt_20260516_132926702337,sensor_aula_01,2026-05-16T13:29:26,22.30,22.00,100.00,OK,arduino_serial
evt_20260516_132929727076,sensor_aula_01,2026-05-16T13:29:29,22.30,22.00,100.00,OK,arduino_serial
evt_20260516_132932751625,sensor_aula_01,2026-05-16T13:29:32,22.30,22.00,100.00,OK,arduino_serial
evt_20260516_132935776544,sensor_aula_01,2026-05-16T13:29:35,22.40,22.00,100.00,OK,arduino_serial
evt_20260516_132938801808,sensor_aula_01,2026-05-16T13:29:38,22.30,22.00,100.00,OK,arduino_serial
evt_20260516_132941826050,sensor_aula_01,2026-05-16T13:29:41,22.30,22.00,100.00,OK,arduino_serial
evt_20260516_132944850890,sensor_aula_01,2026-05-16T13:29:44,22.30,22.00,100.00,OK,arduino_serial
evt_20260516_132947875714,sensor_aula_01,2026-05-16T13:29:47,22.40,22.00,100.00,OK,arduino_serial
evt_20260516_132950900373,sensor_aula_01,2026-05-16T13:29:50,22.30,22.00,100.00,OK,arduino_serial
evt_20260516_132953925283,sensor_aula_01,2026-05-16T13:29:53,22.30,22.00,100.00,OK,arduino_serial
evt_20260516_132956949758,sensor_aula_01,2026-05-16T13:29:56,22.30,22.00,100.00,OK,arduino_serial
evt_20260516_132959974080,sensor_aula_01,2026-05-16T13:29:59,22.30,22.00,100.00,OK,arduino_serial
evt_20260516_133002999306,sensor_aula_01,2026-05-16T13:30:02,22.30,22.00,100.00,OK,arduino_serial
evt_20260516_133006024239,sensor_aula_01,2026-05-16T13:30:06,22.30,22.00,100.00,OK,arduino_serial
evt_20260516_133009048783,sensor_aula_01,2026-05-16T13:30:09,22.30,22.00,100.00,OK,arduino_serial
evt_20260516_133012073824,sensor_aula_01,2026-05-16T13:30:12,22.40,22.00,100.00,OK,arduino_serial
evt_20260516_133015098413,sensor_aula_01,2026-05-16T13:30:15,22.30,22.00,100.00,OK,arduino_serial
evt_20260516_133018122900,sensor_aula_01,2026-05-16T13:30:18,22.30,22.00,100.00,OK,arduino_serial
evt_20260516_133021147654,sensor_aula_01,2026-05-16T13:30:21,22.40,22.00,100.00,OK,arduino_serial
evt_20260516_133024172757,sensor_aula_01,2026-05-16T13:30:24,22.30,22.00,100.00,OK,arduino_serial
evt_20260516_133027197579,sensor_aula_01,2026-05-16T13:30:27,22.40,22.00,100.00,OK,arduino_serial
evt_20260516_133030222714,sensor_aula_01,2026-05-16T13:30:30,22.30,22.00,100.00,OK,arduino_serial
evt_20260516_133033246928,sensor_aula_01,2026-05-16T13:30:33,22.30,22.00,100.00,OK,arduino_serial
evt_20260516_133036271473,sensor_aula_01,2026-05-16T13:30:36,22.30,22.00,100.00,OK,arduino_serial
evt_20260516_133039296805,sensor_aula_01,2026-05-16T13:30:39,22.30,22.00,100.00,OK,arduino_serial
evt_20260516_133042321386,sensor_aula_01,2026-05-16T13:30:42,22.30,22.00,100.00,OK,arduino_serial
evt_20260516_133045346161,sensor_aula_01,2026-05-16T13:30:45,22.30,22.00,100.00,OK,arduino_serial
evt_20260516_133048370833,sensor_aula_01,2026-05-16T13:30:48,22.30,22.00,100.00,OK,arduino_serial
evt_20260516_133051395753,sensor_aula_01,2026-05-16T13:30:51,22.30,22.00,100.00,OK,arduino_serial
evt_20260516_133054420937,sensor_aula_01,2026-05-16T13:30:54,22.30,22.00,100.00,OK,arduino_serial
evt_20260516_133057445210,sensor_aula_01,2026-05-16T13:30:57,22.30,22.00,100.00,OK,arduino_serial
evt_20260516_133100470279,sensor_aula_01,2026-05-16T13:31:00,22.30,22.00,100.00,OK,arduino_serial
evt_20260516_133103494198,sensor_aula_01,2026-05-16T13:31:03,22.30,22.00,100.00,OK,arduino_serial
evt_20260516_133106519089,sensor_aula_01,2026-05-16T13:31:06,22.30,22.00,100.00,OK,arduino_serial
evt_20260516_133109544222,sensor_aula_01,2026-05-16T13:31:09,22.30,22.00,100.00,OK,arduino_serial
evt_20260516_133112568793,sensor_aula_01,2026-05-16T13:31:12,22.30,22.00,100.00,OK,arduino_serial
evt_20260516_133115593878,sensor_aula_01,2026-05-16T13:31:15,22.30,22.00,100.00,OK,arduino_serial
evt_20260516_133118618151,sensor_aula_01,2026-05-16T13:31:18,22.30,22.00,100.00,OK,arduino_serial
evt_20260516_133121642835,sensor_aula_01,2026-05-16T13:31:21,22.30,22.00,100.00,OK,arduino_serial
evt_20260516_133124668547,sensor_aula_01,2026-05-16T13:31:24,22.30,22.00,100.00,OK,arduino_serial
evt_20260516_133127692708,sensor_aula_01,2026-05-16T13:31:27,22.40,22.00,100.00,OK,arduino_serial
evt_20260516_133130717516,sensor_aula_01,2026-05-16T13:31:30,22.30,22.00,100.00,OK,arduino_serial
evt_20260516_133133742622,sensor_aula_01,2026-05-16T13:31:33,22.40,22.00,100.00,OK,arduino_serial
evt_20260516_133136766798,sensor_aula_01,2026-05-16T13:31:36,22.30,22.00,100.00,OK,arduino_serial
evt_20260516_133139792222,sensor_aula_01,2026-05-16T13:31:39,22.30,22.00,100.00,OK,arduino_serial
evt_20260516_133142816692,sensor_aula_01,2026-05-16T13:31:42,22.30,22.00,100.00,OK,arduino_serial
evt_20260516_133145842126,sensor_aula_01,2026-05-16T13:31:45,22.30,22.00,100.00,OK,arduino_serial
evt_20260516_133148865962,sensor_aula_01,2026-05-16T13:31:48,22.40,22.00,100.00,OK,arduino_serial
evt_20260516_133151891195,sensor_aula_01,2026-05-16T13:31:51,22.40,22.00,100.00,OK,arduino_serial
evt_20260516_133154915927,sensor_aula_01,2026-05-16T13:31:54,22.30,22.00,100.00,OK,arduino_serial
evt_20260516_133157940109,sensor_aula_01,2026-05-16T13:31:57,22.40,22.00,100.00,OK,arduino_serial
evt_20260516_133200965179,sensor_aula_01,2026-05-16T13:32:00,22.40,22.00,100.00,OK,arduino_serial
evt_20260516_133203989618,sensor_aula_01,2026-05-16T13:32:03,22.40,22.00,100.00,OK,arduino_serial
evt_20260516_133207014632,sensor_aula_01,2026-05-16T13:32:07,22.40,22.00,100.00,OK,arduino_serial
evt_20260516_133210039230,sensor_aula_01,2026-05-16T13:32:10,22.40,22.00,100.00,OK,arduino_serial
evt_20260516_133213063766,sensor_aula_01,2026-05-16T13:32:13,22.40,22.00,100.00,OK,arduino_serial
evt_20260516_133216089324,sensor_aula_01,2026-05-16T13:32:16,22.40,22.00,100.00,OK,arduino_serial
evt_20260516_133219113483,sensor_aula_01,2026-05-16T13:32:19,22.50,22.00,100.00,OK,arduino_serial
evt_20260516_133222137794,sensor_aula_01,2026-05-16T13:32:22,22.40,22.00,100.00,OK,arduino_serial
evt_20260516_133225163421,sensor_aula_01,2026-05-16T13:32:25,22.40,22.00,100.00,OK,arduino_serial
evt_20260516_133228188376,sensor_aula_01,2026-05-16T13:32:28,22.40,22.00,100.00,OK,arduino_serial
evt_20260516_133231212766,sensor_aula_01,2026-05-16T13:32:31,22.40,22.00,100.00,OK,arduino_serial
evt_20260516_133234237306,sensor_aula_01,2026-05-16T13:32:34,22.40,22.00,100.00,OK,arduino_serial
evt_20260516_133237262306,sensor_aula_01,2026-05-16T13:32:37,22.50,22.00,100.00,OK,arduino_serial
evt_20260516_133240287542,sensor_aula_01,2026-05-16T13:32:40,22.40,22.00,100.00,OK,arduino_serial
evt_20260516_133243311965,sensor_aula_01,2026-05-16T13:32:43,22.40,22.00,100.00,OK,arduino_serial
evt_20260516_133246336734,sensor_aula_01,2026-05-16T13:32:46,22.40,22.00,100.00,OK,arduino_serial
evt_20260516_133249362040,sensor_aula_01,2026-05-16T13:32:49,22.40,22.00,100.00,OK,arduino_serial
evt_20260516_133252385827,sensor_aula_01,2026-05-16T13:32:52,22.40,22.00,100.00,OK,arduino_serial
evt_20260516_133255410968,sensor_aula_01,2026-05-16T13:32:55,22.50,22.00,100.00,OK,arduino_serial
evt_20260516_133258435583,sensor_aula_01,2026-05-16T13:32:58,22.50,22.00,100.00,OK,arduino_serial
evt_20260516_133301460329,sensor_aula_01,2026-05-16T13:33:01,22.50,21.00,100.00,OK,arduino_serial
evt_20260516_133304485605,sensor_aula_01,2026-05-16T13:33:04,22.50,21.00,100.00,OK,arduino_serial
evt_20260516_133307510276,sensor_aula_01,2026-05-16T13:33:07,22.40,21.00,100.00,OK,arduino_serial
evt_20260516_133310534558,sensor_aula_01,2026-05-16T13:33:10,22.40,21.00,100.00,OK,arduino_serial
evt_20260516_133313559392,sensor_aula_01,2026-05-16T13:33:13,22.50,21.00,100.00,OK,arduino_serial
evt_20260516_133316584155,sensor_aula_01,2026-05-16T13:33:16,22.40,21.00,100.00,OK,arduino_serial
evt_20260516_133319608985,sensor_aula_01,2026-05-16T13:33:19,22.40,21.00,100.00,OK,arduino_serial
evt_20260516_133322634284,sensor_aula_01,2026-05-16T13:33:22,22.40,21.00,100.00,OK,arduino_serial
evt_20260516_133325658932,sensor_aula_01,2026-05-16T13:33:25,22.40,21.00,100.00,OK,arduino_serial
evt_20260516_133328683033,sensor_aula_01,2026-05-16T13:33:28,22.50,21.00,100.00,OK,arduino_serial
evt_20260516_133331707754,sensor_aula_01,2026-05-16T13:33:31,22.50,21.00,100.00,OK,arduino_serial
evt_20260516_133334733069,sensor_aula_01,2026-05-16T13:33:34,22.60,21.00,100.00,OK,arduino_serial
evt_20260516_133337757802,sensor_aula_01,2026-05-16T13:33:37,22.50,21.00,100.00,OK,arduino_serial
evt_20260516_133340782783,sensor_aula_01,2026-05-16T13:33:40,22.60,21.00,100.00,OK,arduino_serial
evt_20260516_133343807078,sensor_aula_01,2026-05-16T13:33:43,22.50,21.00,100.00,OK,arduino_serial
evt_20260516_133346832169,sensor_aula_01,2026-05-16T13:33:46,22.50,21.00,100.00,OK,arduino_serial
evt_20260516_133349856875,sensor_aula_01,2026-05-16T13:33:49,22.50,21.00,100.00,OK,arduino_serial
evt_20260516_133352881512,sensor_aula_01,2026-05-16T13:33:52,22.50,21.00,100.00,OK,arduino_serial
evt_20260516_133355906052,sensor_aula_01,2026-05-16T13:33:55,22.40,21.00,100.00,OK,arduino_serial
evt_20260516_133358931154,sensor_aula_01,2026-05-16T13:33:58,22.50,21.00,100.00,OK,arduino_serial
evt_20260516_133401955670,sensor_aula_01,2026-05-16T13:34:01,22.50,21.00,100.00,OK,arduino_serial
evt_20260516_133404980535,sensor_aula_01,2026-05-16T13:34:04,22.40,21.00,100.00,OK,arduino_serial
evt_20260516_133408005577,sensor_aula_01,2026-05-16T13:34:08,22.40,21.00,100.00,OK,arduino_serial
evt_20260516_133411029874,sensor_aula_01,2026-05-16T13:34:11,22.40,21.00,100.00,OK,arduino_serial
evt_20260516_133414054548,sensor_aula_01,2026-05-16T13:34:14,22.40,21.00,100.00,OK,arduino_serial
evt_20260516_133417079606,sensor_aula_01,2026-05-16T13:34:17,22.50,21.00,100.00,OK,arduino_serial
evt_20260516_133420104037,sensor_aula_01,2026-05-16T13:34:20,22.50,21.00,100.00,OK,arduino_serial
evt_20260516_133423128845,sensor_aula_01,2026-05-16T13:34:23,22.40,21.00,100.00,OK,arduino_serial
evt_20260516_133426154157,sensor_aula_01,2026-05-16T13:34:26,22.50,21.00,100.00,OK,arduino_serial
evt_20260516_133429178938,sensor_aula_01,2026-05-16T13:34:29,22.40,21.00,100.00,OK,arduino_serial
evt_20260516_133432203707,sensor_aula_01,2026-05-16T13:34:32,22.50,21.00,100.00,OK,arduino_serial
evt_20260516_133435228275,sensor_aula_01,2026-05-16T13:34:35,22.40,21.00,100.00,OK,arduino_serial
evt_20260516_133438253070,sensor_aula_01,2026-05-16T13:34:38,22.40,21.00,100.00,OK,arduino_serial
evt_20260516_133441277782,sensor_aula_01,2026-05-16T13:34:41,22.40,21.00,100.00,OK,arduino_serial
evt_20260516_133444302518,sensor_aula_01,2026-05-16T13:34:44,22.40,21.00,100.00,OK,arduino_serial
evt_20260516_133447327362,sensor_aula_01,2026-05-16T13:34:47,22.40,21.00,100.00,OK,arduino_serial
evt_20260516_133450352092,sensor_aula_01,2026-05-16T13:34:50,22.40,21.00,100.00,OK,arduino_serial
evt_20260516_133453376871,sensor_aula_01,2026-05-16T13:34:53,22.50,21.00,100.00,OK,arduino_serial
evt_20260516_133456402151,sensor_aula_01,2026-05-16T13:34:56,22.40,21.00,100.00,OK,arduino_serial
evt_20260516_133459426465,sensor_aula_01,2026-05-16T13:34:59,22.40,21.00,100.00,OK,arduino_serial
evt_20260516_133502450932,sensor_aula_01,2026-05-16T13:35:02,22.40,21.00,100.00,OK,arduino_serial
evt_20260516_133505475610,sensor_aula_01,2026-05-16T13:35:05,22.50,21.00,100.00,OK,arduino_serial
evt_20260516_133508500673,sensor_aula_01,2026-05-16T13:35:08,22.40,21.00,100.00,OK,arduino_serial
evt_20260516_133511525549,sensor_aula_01,2026-05-16T13:35:11,22.50,21.00,100.00,OK,arduino_serial
evt_20260516_133514550471,sensor_aula_01,2026-05-16T13:35:14,22.40,21.00,100.00,OK,arduino_serial
evt_20260516_133517574586,sensor_aula_01,2026-05-16T13:35:17,22.40,21.00,100.00,OK,arduino_serial
evt_20260516_133520599813,sensor_aula_01,2026-05-16T13:35:20,22.50,21.00,100.00,OK,arduino_serial
evt_20260516_133523624882,sensor_aula_01,2026-05-16T13:35:23,22.40,21.00,100.00,OK,arduino_serial
evt_20260516_133526649527,sensor_aula_01,2026-05-16T13:35:26,22.50,21.00,100.00,OK,arduino_serial
evt_20260516_133529673808,sensor_aula_01,2026-05-16T13:35:29,22.40,21.00,100.00,OK,arduino_serial
evt_20260516_133532699072,sensor_aula_01,2026-05-16T13:35:32,22.40,21.00,100.00,OK,arduino_serial
evt_20260516_133535723735,sensor_aula_01,2026-05-16T13:35:35,22.40,21.00,100.00,OK,arduino_serial
evt_20260516_133538748474,sensor_aula_01,2026-05-16T13:35:38,22.40,21.00,100.00,OK,arduino_serial
evt_20260516_133541772804,sensor_aula_01,2026-05-16T13:35:41,22.50,21.00,100.00,OK,arduino_serial
evt_20260516_133544797878,sensor_aula_01,2026-05-16T13:35:44,22.40,21.00,100.00,OK,arduino_serial
evt_20260516_133547822547,sensor_aula_01,2026-05-16T13:35:47,22.50,21.00,100.00,OK,arduino_serial
evt_20260516_133550847348,sensor_aula_01,2026-05-16T13:35:50,22.40,21.00,100.00,OK,arduino_serial
evt_20260516_133553872720,sensor_aula_01,2026-05-16T13:35:53,22.50,21.00,100.00,OK,arduino_serial
evt_20260516_133556896721,sensor_aula_01,2026-05-16T13:35:56,22.50,21.00,100.00,OK,arduino_serial
evt_20260516_133559921924,sensor_aula_01,2026-05-16T13:35:59,22.40,21.00,100.00,OK,arduino_serial
evt_20260516_133602946708,sensor_aula_01,2026-05-16T13:36:02,22.50,21.00,100.00,OK,arduino_serial
evt_20260516_133605971908,sensor_aula_01,2026-05-16T13:36:05,22.50,21.00,100.00,OK,arduino_serial
evt_20260516_133608996274,sensor_aula_01,2026-05-16T13:36:08,22.50,21.00,100.00,OK,arduino_serial
evt_20260516_133612020402,sensor_aula_01,2026-05-16T13:36:12,22.50,21.00,100.00,OK,arduino_serial
evt_20260516_133615046110,sensor_aula_01,2026-05-16T13:36:15,22.50,21.00,100.00,OK,arduino_serial
evt_20260516_133618071008,sensor_aula_01,2026-05-16T13:36:18,22.50,21.00,100.00,OK,arduino_serial
evt_20260516_133621095102,sensor_aula_01,2026-05-16T13:36:21,22.50,21.00,100.00,OK,arduino_serial
evt_20260516_133624119603,sensor_aula_01,2026-05-16T13:36:24,22.50,21.00,100.00,OK,arduino_serial
evt_20260516_133627145268,sensor_aula_01,2026-05-16T13:36:27,22.50,21.00,100.00,OK,arduino_serial
evt_20260516_133630169208,sensor_aula_01,2026-05-16T13:36:30,22.50,21.00,100.00,OK,arduino_serial
evt_20260516_133633194150,sensor_aula_01,2026-05-16T13:36:33,22.60,21.00,100.00,OK,arduino_serial
evt_20260516_133636218903,sensor_aula_01,2026-05-16T13:36:36,22.50,21.00,100.00,OK,arduino_serial
evt_20260516_133639243757,sensor_aula_01,2026-05-16T13:36:39,22.50,21.00,100.00,OK,arduino_serial
evt_20260516_133642268456,sensor_aula_01,2026-05-16T13:36:42,22.50,21.00,100.00,OK,arduino_serial
evt_20260516_133645293372,sensor_aula_01,2026-05-16T13:36:45,22.50,21.00,100.00,OK,arduino_serial
evt_20260516_133648318038,sensor_aula_01,2026-05-16T13:36:48,22.50,21.00,100.00,OK,arduino_serial
evt_20260516_133651343234,sensor_aula_01,2026-05-16T13:36:51,22.50,21.00,100.00,OK,arduino_serial
evt_20260516_133654367854,sensor_aula_01,2026-05-16T13:36:54,22.50,21.00,100.00,OK,arduino_serial
evt_20260516_133657391816,sensor_aula_01,2026-05-16T13:36:57,22.50,21.00,100.00,OK,arduino_serial
evt_20260516_133700416918,sensor_aula_01,2026-05-16T13:37:00,22.50,21.00,100.00,OK,arduino_serial
evt_20260516_133703441820,sensor_aula_01,2026-05-16T13:37:03,22.50,21.00,100.00,OK,arduino_serial
evt_20260516_133706466519,sensor_aula_01,2026-05-16T13:37:06,22.50,21.00,100.00,OK,arduino_serial
evt_20260516_133709491312,sensor_aula_01,2026-05-16T13:37:09,22.50,21.00,100.00,OK,arduino_serial
evt_20260516_133712516552,sensor_aula_01,2026-05-16T13:37:12,22.50,21.00,100.00,OK,arduino_serial
evt_20260516_133715540577,sensor_aula_01,2026-05-16T13:37:15,22.50,21.00,100.00,OK,arduino_serial
evt_20260516_133718565957,sensor_aula_01,2026-05-16T13:37:18,22.50,21.00,100.00,OK,arduino_serial
evt_20260516_133721590345,sensor_aula_01,2026-05-16T13:37:21,22.50,21.00,100.00,OK,arduino_serial
evt_20260516_133724614914,sensor_aula_01,2026-05-16T13:37:24,22.50,21.00,100.00,OK,arduino_serial
evt_20260516_133727639753,sensor_aula_01,2026-05-16T13:37:27,22.50,21.00,100.00,OK,arduino_serial
evt_20260516_133730664946,sensor_aula_01,2026-05-16T13:37:30,22.60,21.00,100.00,OK,arduino_serial
evt_20260516_133733689580,sensor_aula_01,2026-05-16T13:37:33,22.50,21.00,100.00,OK,arduino_serial
evt_20260516_133736714120,sensor_aula_01,2026-05-16T13:37:36,22.50,21.00,100.00,OK,arduino_serial
evt_20260516_133739739499,sensor_aula_01,2026-05-16T13:37:39,22.50,21.00,100.00,OK,arduino_serial
evt_20260516_133742764801,sensor_aula_01,2026-05-16T13:37:42,22.60,21.00,100.00,OK,arduino_serial
evt_20260516_133745788459,sensor_aula_01,2026-05-16T13:37:45,22.50,21.00,100.00,OK,arduino_serial
evt_20260516_133748813610,sensor_aula_01,2026-05-16T13:37:48,22.60,21.00,100.00,OK,arduino_serial
evt_20260516_133751838879,sensor_aula_01,2026-05-16T13:37:51,22.50,21.00,100.00,OK,arduino_serial
evt_20260516_133754862317,sensor_aula_01,2026-05-16T13:37:54,22.50,21.00,100.00,OK,arduino_serial
evt_20260516_133757887672,sensor_aula_01,2026-05-16T13:37:57,22.50,21.00,100.00,OK,arduino_serial
evt_20260516_133800912666,sensor_aula_01,2026-05-16T13:38:00,22.60,21.00,100.00,OK,arduino_serial
evt_20260516_133803936979,sensor_aula_01,2026-05-16T13:38:03,22.50,21.00,100.00,OK,arduino_serial
evt_20260516_133806962651,sensor_aula_01,2026-05-16T13:38:06,22.60,21.00,100.00,OK,arduino_serial
evt_20260516_133809986469,sensor_aula_01,2026-05-16T13:38:09,22.50,21.00,100.00,OK,arduino_serial
evt_20260516_133813012022,sensor_aula_01,2026-05-16T13:38:13,22.50,21.00,100.00,OK,arduino_serial
evt_20260516_133816036704,sensor_aula_01,2026-05-16T13:38:16,22.60,21.00,100.00,OK,arduino_serial
evt_20260516_133819060968,sensor_aula_01,2026-05-16T13:38:19,22.50,21.00,100.00,OK,arduino_serial
evt_20260516_133822085964,sensor_aula_01,2026-05-16T13:38:22,22.60,21.00,100.00,OK,arduino_serial
evt_20260516_133825110493,sensor_aula_01,2026-05-16T13:38:25,22.50,21.00,100.00,OK,arduino_serial
evt_20260516_133828135491,sensor_aula_01,2026-05-16T13:38:28,22.60,21.00,100.00,OK,arduino_serial
evt_20260516_133831159988,sensor_aula_01,2026-05-16T13:38:31,22.50,21.00,100.00,OK,arduino_serial
evt_20260516_133834185215,sensor_aula_01,2026-05-16T13:38:34,22.50,21.00,100.00,OK,arduino_serial
evt_20260516_133837209846,sensor_aula_01,2026-05-16T13:38:37,22.50,21.00,100.00,OK,arduino_serial
evt_20260516_133840234322,sensor_aula_01,2026-05-16T13:38:40,22.50,21.00,100.00,OK,arduino_serial
evt_20260516_133843259283,sensor_aula_01,2026-05-16T13:38:43,22.50,21.00,100.00,OK,arduino_serial
evt_20260516_133846284390,sensor_aula_01,2026-05-16T13:38:46,22.50,21.00,100.00,OK,arduino_serial
evt_20260516_133849308849,sensor_aula_01,2026-05-16T13:38:49,22.60,21.00,100.00,OK,arduino_serial
evt_20260516_133852333491,sensor_aula_01,2026-05-16T13:38:52,22.50,21.00,100.00,OK,arduino_serial
evt_20260516_133855358219,sensor_aula_01,2026-05-16T13:38:55,22.50,21.00,100.00,OK,arduino_serial
evt_20260516_133858382787,sensor_aula_01,2026-05-16T13:38:58,22.50,21.00,100.00,OK,arduino_serial
evt_20260516_133901407978,sensor_aula_01,2026-05-16T13:39:01,22.50,21.00,100.00,OK,arduino_serial
evt_20260516_133904431984,sensor_aula_01,2026-05-16T13:39:04,22.50,21.00,100.00,OK,arduino_serial
evt_20260516_133907457037,sensor_aula_01,2026-05-16T13:39:07,22.40,21.00,100.00,OK,arduino_serial
evt_20260516_133910481682,sensor_aula_01,2026-05-16T13:39:10,22.50,21.00,100.00,OK,arduino_serial
evt_20260516_133913506473,sensor_aula_01,2026-05-16T13:39:13,22.50,21.00,100.00,OK,arduino_serial
evt_20260516_133916531492,sensor_aula_01,2026-05-16T13:39:16,22.40,21.00,100.00,OK,arduino_serial
evt_20260516_133919556334,sensor_aula_01,2026-05-16T13:39:19,22.50,21.00,100.00,OK,arduino_serial
evt_20260516_133922581143,sensor_aula_01,2026-05-16T13:39:22,22.50,21.00,100.00,OK,arduino_serial
evt_20260516_133925605984,sensor_aula_01,2026-05-16T13:39:25,22.40,21.00,100.00,OK,arduino_serial
evt_20260516_133928630519,sensor_aula_01,2026-05-16T13:39:28,22.40,21.00,100.00,OK,arduino_serial
evt_20260516_133931655624,sensor_aula_01,2026-05-16T13:39:31,22.50,21.00,100.00,OK,arduino_serial
evt_20260516_133934680012,sensor_aula_01,2026-05-16T13:39:34,22.40,21.00,100.00,OK,arduino_serial
evt_20260516_133937704854,sensor_aula_01,2026-05-16T13:39:37,22.40,21.00,100.00,OK,arduino_serial
evt_20260516_133940729888,sensor_aula_01,2026-05-16T13:39:40,22.40,21.00,100.00,OK,arduino_serial
evt_20260516_133943755051,sensor_aula_01,2026-05-16T13:39:43,22.40,21.00,100.00,OK,arduino_serial
evt_20260516_133946780088,sensor_aula_01,2026-05-16T13:39:46,22.40,21.00,100.00,OK,arduino_serial
evt_20260516_133949804469,sensor_aula_01,2026-05-16T13:39:49,22.40,21.00,100.00,OK,arduino_serial
evt_20260516_133952828552,sensor_aula_01,2026-05-16T13:39:52,22.40,21.00,100.00,OK,arduino_serial
evt_20260516_133955854035,sensor_aula_01,2026-05-16T13:39:55,22.40,21.00,100.00,OK,arduino_serial
evt_20260516_133958878040,sensor_aula_01,2026-05-16T13:39:58,22.50,21.00,100.00,OK,arduino_serial
evt_20260516_134001902597,sensor_aula_01,2026-05-16T13:40:01,22.50,21.00,100.00,OK,arduino_serial
evt_20260516_134004927652,sensor_aula_01,2026-05-16T13:40:04,22.40,21.00,100.00,OK,arduino_serial
evt_20260516_134007952585,sensor_aula_01,2026-05-16T13:40:07,22.50,21.00,100.00,OK,arduino_serial
evt_20260516_134010977535,sensor_aula_01,2026-05-16T13:40:10,22.40,21.00,100.00,OK,arduino_serial
evt_20260516_134014001884,sensor_aula_01,2026-05-16T13:40:14,22.40,21.00,100.00,OK,arduino_serial
evt_20260516_134017027105,sensor_aula_01,2026-05-16T13:40:17,22.40,21.00,100.00,OK,arduino_serial
evt_20260516_134020051818,sensor_aula_01,2026-05-16T13:40:20,22.40,21.00,100.00,OK,arduino_serial
evt_20260516_134023076752,sensor_aula_01,2026-05-16T13:40:23,22.40,21.00,100.00,OK,arduino_serial
evt_20260516_134026101264,sensor_aula_01,2026-05-16T13:40:26,22.50,21.00,100.00,OK,arduino_serial
evt_20260516_134029126534,sensor_aula_01,2026-05-16T13:40:29,22.40,21.00,100.00,OK,arduino_serial
evt_20260516_134032150509,sensor_aula_01,2026-05-16T13:40:32,22.50,21.00,100.00,OK,arduino_serial
evt_20260516_134035175477,sensor_aula_01,2026-05-16T13:40:35,22.40,21.00,100.00,OK,arduino_serial
evt_20260516_134038200404,sensor_aula_01,2026-05-16T13:40:38,22.40,21.00,100.00,OK,arduino_serial
evt_20260516_134041225748,sensor_aula_01,2026-05-16T13:40:41,22.50,21.00,100.00,OK,arduino_serial
evt_20260516_134044249867,sensor_aula_01,2026-05-16T13:40:44,22.40,21.00,100.00,OK,arduino_serial
evt_20260516_134047274736,sensor_aula_01,2026-05-16T13:40:47,22.40,21.00,100.00,OK,arduino_serial
evt_20260516_134050299735,sensor_aula_01,2026-05-16T13:40:50,22.40,21.00,100.00,OK,arduino_serial
evt_20260516_134053324519,sensor_aula_01,2026-05-16T13:40:53,22.40,21.00,100.00,OK,arduino_serial
evt_20260516_134056348859,sensor_aula_01,2026-05-16T13:40:56,22.40,21.00,100.00,OK,arduino_serial
evt_20260516_134059373590,sensor_aula_01,2026-05-16T13:40:59,22.40,21.00,100.00,OK,arduino_serial
evt_20260516_134102398218,sensor_aula_01,2026-05-16T13:41:02,22.40,21.00,100.00,OK,arduino_serial
evt_20260516_134105422983,sensor_aula_01,2026-05-16T13:41:05,22.40,21.00,100.00,OK,arduino_serial
evt_20260516_134108447889,sensor_aula_01,2026-05-16T13:41:08,22.40,21.00,100.00,OK,arduino_serial
evt_20260516_134111473151,sensor_aula_01,2026-05-16T13:41:11,22.50,21.00,100.00,OK,arduino_serial
evt_20260516_134114497411,sensor_aula_01,2026-05-16T13:41:14,22.40,21.00,100.00,OK,arduino_serial
evt_20260516_134117522777,sensor_aula_01,2026-05-16T13:41:17,22.50,21.00,100.00,OK,arduino_serial
evt_20260516_134120547464,sensor_aula_01,2026-05-16T13:41:20,22.50,21.00,100.00,OK,arduino_serial
evt_20260516_134123572325,sensor_aula_01,2026-05-16T13:41:23,22.40,21.00,100.00,OK,arduino_serial
evt_20260516_134126597110,sensor_aula_01,2026-05-16T13:41:26,22.40,21.00,100.00,OK,arduino_serial
evt_20260516_134129621444,sensor_aula_01,2026-05-16T13:41:29,22.50,21.00,100.00,OK,arduino_serial
evt_20260516_134132646824,sensor_aula_01,2026-05-16T13:41:32,22.40,21.00,100.00,OK,arduino_serial
evt_20260516_134135671474,sensor_aula_01,2026-05-16T13:41:35,22.40,21.00,100.00,OK,arduino_serial
evt_20260516_134138695673,sensor_aula_01,2026-05-16T13:41:38,22.40,21.00,100.00,OK,arduino_serial
evt_20260516_134141720413,sensor_aula_01,2026-05-16T13:41:41,22.40,21.00,100.00,OK,arduino_serial
evt_20260516_134144746683,sensor_aula_01,2026-05-16T13:41:44,22.50,21.00,100.00,OK,arduino_serial
evt_20260516_134147770437,sensor_aula_01,2026-05-16T13:41:47,22.40,21.00,100.00,OK,arduino_serial
evt_20260516_134150795648,sensor_aula_01,2026-05-16T13:41:50,22.40,21.00,100.00,OK,arduino_serial
evt_20260516_134153820023,sensor_aula_01,2026-05-16T13:41:53,22.40,21.00,100.00,OK,arduino_serial
evt_20260516_134156845214,sensor_aula_01,2026-05-16T13:41:56,22.40,21.00,100.00,OK,arduino_serial
evt_20260516_134159870121,sensor_aula_01,2026-05-16T13:41:59,22.40,21.00,100.00,OK,arduino_serial
evt_20260516_134202894472,sensor_aula_01,2026-05-16T13:42:02,22.40,21.00,100.00,OK,arduino_serial
evt_20260516_134205919947,sensor_aula_01,2026-05-16T13:42:05,22.50,21.00,100.00,OK,arduino_serial
evt_20260516_134208943857,sensor_aula_01,2026-05-16T13:42:08,22.40,21.00,100.00,OK,arduino_serial
evt_20260516_134211968851,sensor_aula_01,2026-05-16T13:42:11,22.40,21.00,100.00,OK,arduino_serial
evt_20260516_134214993907,sensor_aula_01,2026-05-16T13:42:14,22.50,21.00,100.00,OK,arduino_serial
evt_20260516_134218018641,sensor_aula_01,2026-05-16T13:42:18,22.60,21.00,100.00,OK,arduino_serial
evt_20260516_134221043405,sensor_aula_01,2026-05-16T13:42:21,22.50,21.00,100.00,OK,arduino_serial
evt_20260516_134224068186,sensor_aula_01,2026-05-16T13:42:24,22.50,21.00,100.00,OK,arduino_serial
evt_20260516_134227092528,sensor_aula_01,2026-05-16T13:42:27,22.50,21.00,100.00,OK,arduino_serial
evt_20260516_134230118372,sensor_aula_01,2026-05-16T13:42:30,22.50,21.00,100.00,OK,arduino_serial
evt_20260516_134233142475,sensor_aula_01,2026-05-16T13:42:33,22.50,21.00,100.00,OK,arduino_serial
evt_20260516_134236167690,sensor_aula_01,2026-05-16T13:42:36,22.50,21.00,100.00,OK,arduino_serial
evt_20260516_134239192346,sensor_aula_01,2026-05-16T13:42:39,22.50,21.00,100.00,OK,arduino_serial
evt_20260516_134242217138,sensor_aula_01,2026-05-16T13:42:42,22.60,21.00,100.00,OK,arduino_serial
evt_20260516_134245242051,sensor_aula_01,2026-05-16T13:42:45,22.50,21.00,100.00,OK,arduino_serial
evt_20260516_134248266845,sensor_aula_01,2026-05-16T13:42:48,22.60,21.00,100.00,OK,arduino_serial
evt_20260516_134251291599,sensor_aula_01,2026-05-16T13:42:51,22.60,21.00,100.00,OK,arduino_serial
evt_20260516_134254315602,sensor_aula_01,2026-05-16T13:42:54,22.60,21.00,100.00,OK,arduino_serial
evt_20260516_134257342035,sensor_aula_01,2026-05-16T13:42:57,22.60,21.00,100.00,OK,arduino_serial
evt_20260516_134300365658,sensor_aula_01,2026-05-16T13:43:00,22.60,21.00,100.00,OK,arduino_serial
evt_20260516_134303390232,sensor_aula_01,2026-05-16T13:43:03,22.60,21.00,100.00,OK,arduino_serial
evt_20260516_134306415077,sensor_aula_01,2026-05-16T13:43:06,22.60,21.00,100.00,OK,arduino_serial
evt_20260516_134309440145,sensor_aula_01,2026-05-16T13:43:09,22.60,21.00,100.00,OK,arduino_serial
evt_20260516_134312465037,sensor_aula_01,2026-05-16T13:43:12,22.60,21.00,100.00,OK,arduino_serial
evt_20260516_134315489792,sensor_aula_01,2026-05-16T13:43:15,22.60,21.00,100.00,OK,arduino_serial
evt_20260516_134318514288,sensor_aula_01,2026-05-16T13:43:18,22.60,21.00,100.00,OK,arduino_serial
evt_20260516_134321538975,sensor_aula_01,2026-05-16T13:43:21,22.60,21.00,100.00,OK,arduino_serial
evt_20260516_134324564258,sensor_aula_01,2026-05-16T13:43:24,22.60,21.00,100.00,OK,arduino_serial
evt_20260516_134327588620,sensor_aula_01,2026-05-16T13:43:27,22.60,21.00,100.00,OK,arduino_serial
evt_20260516_134330613740,sensor_aula_01,2026-05-16T13:43:30,22.60,21.00,100.00,OK,arduino_serial
evt_20260516_134333638637,sensor_aula_01,2026-05-16T13:43:33,22.60,21.00,100.00,OK,arduino_serial
evt_20260516_134336663139,sensor_aula_01,2026-05-16T13:43:36,22.60,21.00,100.00,OK,arduino_serial
evt_20260516_134339689017,sensor_aula_01,2026-05-16T13:43:39,22.60,21.00,100.00,OK,arduino_serial
evt_20260516_134342713058,sensor_aula_01,2026-05-16T13:43:42,22.60,21.00,100.00,OK,arduino_serial
evt_20260516_134345737606,sensor_aula_01,2026-05-16T13:43:45,22.60,21.00,100.00,OK,arduino_serial
evt_20260516_134348763117,sensor_aula_01,2026-05-16T13:43:48,22.60,21.00,100.00,OK,arduino_serial
evt_20260516_134351787363,sensor_aula_01,2026-05-16T13:43:51,22.60,21.00,100.00,OK,arduino_serial
evt_20260516_134354812640,sensor_aula_01,2026-05-16T13:43:54,22.60,21.00,100.00,OK,arduino_serial
evt_20260516_134357836845,sensor_aula_01,2026-05-16T13:43:57,22.70,21.00,100.00,OK,arduino_serial
evt_20260516_134400861495,sensor_aula_01,2026-05-16T13:44:00,22.60,21.00,100.00,OK,arduino_serial
evt_20260516_134403886694,sensor_aula_01,2026-05-16T13:44:03,22.60,21.00,100.00,OK,arduino_serial
evt_20260516_134406911596,sensor_aula_01,2026-05-16T13:44:06,22.60,21.00,100.00,OK,arduino_serial
evt_20260516_134409936239,sensor_aula_01,2026-05-16T13:44:09,22.60,21.00,100.00,OK,arduino_serial
evt_20260516_134412960872,sensor_aula_01,2026-05-16T13:44:12,22.60,21.00,100.00,OK,arduino_serial
evt_20260516_134415985687,sensor_aula_01,2026-05-16T13:44:15,22.60,21.00,100.00,OK,arduino_serial
evt_20260516_134419011016,sensor_aula_01,2026-05-16T13:44:19,22.60,21.00,100.00,OK,arduino_serial
evt_20260516_134422035835,sensor_aula_01,2026-05-16T13:44:22,22.60,21.00,100.00,OK,arduino_serial
evt_20260516_134425060253,sensor_aula_01,2026-05-16T13:44:25,22.60,21.00,100.00,OK,arduino_serial
evt_20260516_134428085247,sensor_aula_01,2026-05-16T13:44:28,22.60,21.00,100.00,OK,arduino_serial
evt_20260516_134431109793,sensor_aula_01,2026-05-16T13:44:31,22.60,21.00,100.00,OK,arduino_serial
evt_20260516_134434134543,sensor_aula_01,2026-05-16T13:44:34,22.60,21.00,100.00,OK,arduino_serial
evt_20260516_134437159498,sensor_aula_01,2026-05-16T13:44:37,22.60,21.00,100.00,OK,arduino_serial
evt_20260516_134440184538,sensor_aula_01,2026-05-16T13:44:40,22.60,21.00,100.00,OK,arduino_serial
evt_20260516_134443208858,sensor_aula_01,2026-05-16T13:44:43,22.60,21.00,100.00,OK,arduino_serial
evt_20260516_134446234536,sensor_aula_01,2026-05-16T13:44:46,22.60,21.00,100.00,OK,arduino_serial
evt_20260516_134449258558,sensor_aula_01,2026-05-16T13:44:49,22.60,21.00,100.00,OK,arduino_serial
evt_20260516_134452283470,sensor_aula_01,2026-05-16T13:44:52,22.60,21.00,100.00,OK,arduino_serial
evt_20260516_134455308456,sensor_aula_01,2026-05-16T13:44:55,22.60,21.00,100.00,OK,arduino_serial
evt_20260516_134458333127,sensor_aula_01,2026-05-16T13:44:58,22.60,20.00,100.00,OK,arduino_serial
evt_20260516_134501357813,sensor_aula_01,2026-05-16T13:45:01,22.60,20.00,100.00,OK,arduino_serial
evt_20260516_134504382788,sensor_aula_01,2026-05-16T13:45:04,22.60,20.00,100.00,OK,arduino_serial
evt_20260516_134507407075,sensor_aula_01,2026-05-16T13:45:07,22.60,20.00,100.00,OK,arduino_serial
evt_20260516_134510432030,sensor_aula_01,2026-05-16T13:45:10,22.60,20.00,100.00,OK,arduino_serial
evt_20260516_134513456815,sensor_aula_01,2026-05-16T13:45:13,22.60,20.00,100.00,OK,arduino_serial
evt_20260516_134516481888,sensor_aula_01,2026-05-16T13:45:16,22.60,20.00,100.00,OK,arduino_serial
evt_20260516_134519506493,sensor_aula_01,2026-05-16T13:45:19,22.60,20.00,100.00,OK,arduino_serial
evt_20260516_134522531492,sensor_aula_01,2026-05-16T13:45:22,22.60,20.00,100.00,OK,arduino_serial
evt_20260516_134525555892,sensor_aula_01,2026-05-16T13:45:25,22.60,20.00,100.00,OK,arduino_serial
evt_20260516_134528581374,sensor_aula_01,2026-05-16T13:45:28,22.70,20.00,100.00,OK,arduino_serial
evt_20260516_134531605973,sensor_aula_01,2026-05-16T13:45:31,22.60,20.00,100.00,OK,arduino_serial
evt_20260516_134534631551,sensor_aula_01,2026-05-16T13:45:34,22.60,20.00,100.00,OK,arduino_serial
evt_20260516_134537655130,sensor_aula_01,2026-05-16T13:45:37,22.60,21.00,100.00,OK,arduino_serial
evt_20260516_134540680940,sensor_aula_01,2026-05-16T13:45:40,22.60,20.00,100.00,OK,arduino_serial
evt_20260516_134543704808,sensor_aula_01,2026-05-16T13:45:43,22.70,21.00,100.00,OK,arduino_serial
evt_20260516_134546729770,sensor_aula_01,2026-05-16T13:45:46,22.60,21.00,100.00,OK,arduino_serial
evt_20260516_134549754727,sensor_aula_01,2026-05-16T13:45:49,22.60,21.00,100.00,OK,arduino_serial
evt_20260516_134552779364,sensor_aula_01,2026-05-16T13:45:52,22.60,21.00,100.00,OK,arduino_serial
evt_20260516_134555804127,sensor_aula_01,2026-05-16T13:45:55,22.60,21.00,100.00,OK,arduino_serial
evt_20260516_134558828900,sensor_aula_01,2026-05-16T13:45:58,22.60,21.00,100.00,OK,arduino_serial
evt_20260516_134601854297,sensor_aula_01,2026-05-16T13:46:01,22.60,21.00,100.00,OK,arduino_serial
evt_20260516_134604878667,sensor_aula_01,2026-05-16T13:46:04,22.60,21.00,100.00,OK,arduino_serial
evt_20260516_134607903190,sensor_aula_01,2026-05-16T13:46:07,22.60,21.00,100.00,OK,arduino_serial
evt_20260516_134610928256,sensor_aula_01,2026-05-16T13:46:10,22.70,21.00,100.00,OK,arduino_serial
evt_20260516_134613953056,sensor_aula_01,2026-05-16T13:46:13,22.60,21.00,100.00,OK,arduino_serial
evt_20260516_134616977957,sensor_aula_01,2026-05-16T13:46:16,22.70,21.00,100.00,OK,arduino_serial
evt_20260516_134620002293,sensor_aula_01,2026-05-16T13:46:20,22.60,20.00,100.00,OK,arduino_serial
evt_20260516_134623027309,sensor_aula_01,2026-05-16T13:46:23,22.60,20.00,100.00,OK,arduino_serial
evt_20260516_134626052306,sensor_aula_01,2026-05-16T13:46:26,22.60,20.00,100.00,OK,arduino_serial
evt_20260516_134629077228,sensor_aula_01,2026-05-16T13:46:29,22.60,21.00,100.00,OK,arduino_serial
evt_20260516_134632101448,sensor_aula_01,2026-05-16T13:46:32,22.70,21.00,100.00,OK,arduino_serial
evt_20260516_134635127081,sensor_aula_01,2026-05-16T13:46:35,22.70,21.00,100.00,OK,arduino_serial
evt_20260516_134638152097,sensor_aula_01,2026-05-16T13:46:38,22.70,21.00,100.00,OK,arduino_serial
evt_20260516_134641176575,sensor_aula_01,2026-05-16T13:46:41,22.70,21.00,100.00,OK,arduino_serial
evt_20260516_134644200999,sensor_aula_01,2026-05-16T13:46:44,22.60,21.00,100.00,OK,arduino_serial
evt_20260516_134647225775,sensor_aula_01,2026-05-16T13:46:47,22.70,21.00,100.00,OK,arduino_serial
evt_20260516_134650250379,sensor_aula_01,2026-05-16T13:46:50,22.70,21.00,100.00,OK,arduino_serial
evt_20260516_134653275846,sensor_aula_01,2026-05-16T13:46:53,22.70,21.00,100.00,OK,arduino_serial
evt_20260516_134656300203,sensor_aula_01,2026-05-16T13:46:56,22.70,21.00,100.00,OK,arduino_serial
evt_20260516_134659325559,sensor_aula_01,2026-05-16T13:46:59,22.70,21.00,100.00,OK,arduino_serial
evt_20260516_134702349877,sensor_aula_01,2026-05-16T13:47:02,22.70,21.00,100.00,OK,arduino_serial
evt_20260516_134705374658,sensor_aula_01,2026-05-16T13:47:05,22.60,21.00,100.00,OK,arduino_serial
evt_20260516_134708399072,sensor_aula_01,2026-05-16T13:47:08,22.70,21.00,100.00,OK,arduino_serial
evt_20260516_134711424486,sensor_aula_01,2026-05-16T13:47:11,22.70,21.00,100.00,OK,arduino_serial
evt_20260516_134714448990,sensor_aula_01,2026-05-16T13:47:14,22.60,20.00,100.00,OK,arduino_serial
evt_20260516_134717474536,sensor_aula_01,2026-05-16T13:47:17,22.60,20.00,100.00,OK,arduino_serial
evt_20260516_134720498742,sensor_aula_01,2026-05-16T13:47:20,22.60,20.00,100.00,OK,arduino_serial
evt_20260516_134723523548,sensor_aula_01,2026-05-16T13:47:23,22.70,20.00,100.00,OK,arduino_serial
evt_20260516_134726548287,sensor_aula_01,2026-05-16T13:47:26,22.70,20.00,100.00,OK,arduino_serial
evt_20260516_134729572665,sensor_aula_01,2026-05-16T13:47:29,22.60,20.00,100.00,OK,arduino_serial
evt_20260516_134732598106,sensor_aula_01,2026-05-16T13:47:32,22.70,20.00,100.00,OK,arduino_serial
evt_20260516_134735622449,sensor_aula_01,2026-05-16T13:47:35,22.70,20.00,100.00,OK,arduino_serial
evt_20260516_134738647444,sensor_aula_01,2026-05-16T13:47:38,22.70,20.00,100.00,OK,arduino_serial
evt_20260516_134741672294,sensor_aula_01,2026-05-16T13:47:41,22.70,20.00,100.00,OK,arduino_serial
evt_20260516_134744696986,sensor_aula_01,2026-05-16T13:47:44,22.70,20.00,100.00,OK,arduino_serial
evt_20260516_134747722054,sensor_aula_01,2026-05-16T13:47:47,22.70,20.00,100.00,OK,arduino_serial
evt_20260516_134750746933,sensor_aula_01,2026-05-16T13:47:50,22.70,20.00,100.00,OK,arduino_serial
evt_20260516_134753770954,sensor_aula_01,2026-05-16T13:47:53,22.70,20.00,100.00,OK,arduino_serial
evt_20260516_134756796071,sensor_aula_01,2026-05-16T13:47:56,22.70,20.00,100.00,OK,arduino_serial
evt_20260516_134759820594,sensor_aula_01,2026-05-16T13:47:59,22.70,20.00,100.00,OK,arduino_serial
evt_20260516_134802845736,sensor_aula_01,2026-05-16T13:48:02,22.70,20.00,100.00,OK,arduino_serial
evt_20260516_134805870506,sensor_aula_01,2026-05-16T13:48:05,22.70,20.00,100.00,OK,arduino_serial
evt_20260516_134808895245,sensor_aula_01,2026-05-16T13:48:08,22.70,20.00,100.00,OK,arduino_serial
evt_20260516_134811920035,sensor_aula_01,2026-05-16T13:48:11,22.70,20.00,100.00,OK,arduino_serial
evt_20260516_134814945081,sensor_aula_01,2026-05-16T13:48:14,22.70,20.00,100.00,OK,arduino_serial
evt_20260516_134817969974,sensor_aula_01,2026-05-16T13:48:17,22.70,20.00,100.00,OK,arduino_serial
evt_20260516_134820994346,sensor_aula_01,2026-05-16T13:48:20,22.70,20.00,100.00,OK,arduino_serial
evt_20260516_134824019351,sensor_aula_01,2026-05-16T13:48:24,22.70,20.00,100.00,OK,arduino_serial
evt_20260516_134827045081,sensor_aula_01,2026-05-16T13:48:27,22.70,20.00,100.00,OK,arduino_serial
evt_20260516_134830069220,sensor_aula_01,2026-05-16T13:48:30,22.70,20.00,100.00,OK,arduino_serial
evt_20260516_134833093928,sensor_aula_01,2026-05-16T13:48:33,22.70,20.00,100.00,OK,arduino_serial
evt_20260516_134836118472,sensor_aula_01,2026-05-16T13:48:36,22.70,20.00,100.00,OK,arduino_serial
evt_20260516_134839143752,sensor_aula_01,2026-05-16T13:48:39,22.70,20.00,100.00,OK,arduino_serial
evt_20260516_134842168622,sensor_aula_01,2026-05-16T13:48:42,22.70,20.00,100.00,OK,arduino_serial
evt_20260516_134845193321,sensor_aula_01,2026-05-16T13:48:45,22.70,20.00,100.00,OK,arduino_serial
evt_20260516_134848218145,sensor_aula_01,2026-05-16T13:48:48,22.70,20.00,100.00,OK,arduino_serial
evt_20260516_134851242550,sensor_aula_01,2026-05-16T13:48:51,22.70,20.00,100.00,OK,arduino_serial
evt_20260516_134854267041,sensor_aula_01,2026-05-16T13:48:54,22.70,20.00,100.00,OK,arduino_serial
evt_20260516_134857292253,sensor_aula_01,2026-05-16T13:48:57,22.70,20.00,100.00,OK,arduino_serial
evt_20260516_134900317132,sensor_aula_01,2026-05-16T13:49:00,22.70,20.00,100.00,OK,arduino_serial
evt_20260516_134903341769,sensor_aula_01,2026-05-16T13:49:03,22.70,20.00,100.00,OK,arduino_serial
evt_20260516_134906366949,sensor_aula_01,2026-05-16T13:49:06,22.70,20.00,100.00,OK,arduino_serial
evt_20260516_134909391366,sensor_aula_01,2026-05-16T13:49:09,22.70,20.00,100.00,OK,arduino_serial
evt_20260516_134912416373,sensor_aula_01,2026-05-16T13:49:12,22.70,20.00,100.00,OK,arduino_serial
evt_20260516_134915440858,sensor_aula_01,2026-05-16T13:49:15,22.70,20.00,100.00,OK,arduino_serial
evt_20260516_134918465503,sensor_aula_01,2026-05-16T13:49:18,22.70,20.00,100.00,OK,arduino_serial
evt_20260516_134921490836,sensor_aula_01,2026-05-16T13:49:21,22.70,20.00,100.00,OK,arduino_serial
evt_20260516_134924515322,sensor_aula_01,2026-05-16T13:49:24,22.70,20.00,100.00,OK,arduino_serial
evt_20260516_134927540807,sensor_aula_01,2026-05-16T13:49:27,22.70,20.00,100.00,OK,arduino_serial
evt_20260516_134930564713,sensor_aula_01,2026-05-16T13:49:30,22.70,20.00,100.00,OK,arduino_serial
evt_20260516_134933589788,sensor_aula_01,2026-05-16T13:49:33,22.70,20.00,100.00,OK,arduino_serial
evt_20260516_134936614709,sensor_aula_01,2026-05-16T13:49:36,22.70,20.00,100.00,OK,arduino_serial
evt_20260516_134939639809,sensor_aula_01,2026-05-16T13:49:39,22.70,20.00,100.00,OK,arduino_serial
evt_20260516_134942663962,sensor_aula_01,2026-05-16T13:49:42,22.70,20.00,100.00,OK,arduino_serial
evt_20260516_134945689683,sensor_aula_01,2026-05-16T13:49:45,22.70,20.00,100.00,OK,arduino_serial
evt_20260516_134948713851,sensor_aula_01,2026-05-16T13:49:48,22.70,20.00,100.00,OK,arduino_serial
evt_20260516_134951739124,sensor_aula_01,2026-05-16T13:49:51,22.70,20.00,100.00,OK,arduino_serial
evt_20260516_134954763183,sensor_aula_01,2026-05-16T13:49:54,22.70,20.00,100.00,OK,arduino_serial
evt_20260516_134957788245,sensor_aula_01,2026-05-16T13:49:57,22.70,20.00,100.00,OK,arduino_serial
evt_20260516_135000813405,sensor_aula_01,2026-05-16T13:50:00,22.70,20.00,100.00,OK,arduino_serial
evt_20260516_135003837999,sensor_aula_01,2026-05-16T13:50:03,22.70,20.00,100.00,OK,arduino_serial
evt_20260516_135006862559,sensor_aula_01,2026-05-16T13:50:06,22.70,20.00,100.00,OK,arduino_serial
evt_20260516_135009887688,sensor_aula_01,2026-05-16T13:50:09,22.70,20.00,100.00,OK,arduino_serial
evt_20260516_135012912665,sensor_aula_01,2026-05-16T13:50:12,22.70,20.00,100.00,OK,arduino_serial
evt_20260516_135015937019,sensor_aula_01,2026-05-16T13:50:15,22.70,20.00,100.00,OK,arduino_serial
evt_20260516_135018961798,sensor_aula_01,2026-05-16T13:50:18,22.70,20.00,100.00,OK,arduino_serial
evt_20260516_135021987265,sensor_aula_01,2026-05-16T13:50:21,22.70,20.00,100.00,OK,arduino_serial
evt_20260516_135025011458,sensor_aula_01,2026-05-16T13:50:25,22.70,20.00,100.00,OK,arduino_serial
evt_20260516_135028036720,sensor_aula_01,2026-05-16T13:50:28,22.70,20.00,100.00,OK,arduino_serial
evt_20260516_135031061000,sensor_aula_01,2026-05-16T13:50:31,22.70,20.00,100.00,OK,arduino_serial
evt_20260516_135034085973,sensor_aula_01,2026-05-16T13:50:34,22.70,20.00,100.00,OK,arduino_serial
evt_20260516_135037110423,sensor_aula_01,2026-05-16T13:50:37,22.70,20.00,100.00,OK,arduino_serial
evt_20260516_135040135696,sensor_aula_01,2026-05-16T13:50:40,22.70,20.00,100.00,OK,arduino_serial
evt_20260516_135043160496,sensor_aula_01,2026-05-16T13:50:43,22.70,20.00,100.00,OK,arduino_serial
evt_20260516_135046185188,sensor_aula_01,2026-05-16T13:50:46,22.70,20.00,100.00,OK,arduino_serial
evt_20260516_135049209707,sensor_aula_01,2026-05-16T13:50:49,22.70,20.00,100.00,OK,arduino_serial
evt_20260516_135052234912,sensor_aula_01,2026-05-16T13:50:52,22.70,20.00,100.00,OK,arduino_serial
evt_20260516_135055259836,sensor_aula_01,2026-05-16T13:50:55,22.70,20.00,100.00,OK,arduino_serial
evt_20260516_135058284298,sensor_aula_01,2026-05-16T13:50:58,22.70,20.00,100.00,OK,arduino_serial
evt_20260516_135101308958,sensor_aula_01,2026-05-16T13:51:01,22.70,20.00,100.00,OK,arduino_serial
evt_20260516_135104334146,sensor_aula_01,2026-05-16T13:51:04,22.70,20.00,100.00,OK,arduino_serial
evt_20260516_135107358669,sensor_aula_01,2026-05-16T13:51:07,22.70,20.00,100.00,OK,arduino_serial
evt_20260516_135110383868,sensor_aula_01,2026-05-16T13:51:10,22.70,20.00,100.00,OK,arduino_serial
evt_20260516_135113408360,sensor_aula_01,2026-05-16T13:51:13,22.70,20.00,100.00,OK,arduino_serial
evt_20260516_135116433249,sensor_aula_01,2026-05-16T13:51:16,22.70,20.00,100.00,OK,arduino_serial
evt_20260516_135119458008,sensor_aula_01,2026-05-16T13:51:19,22.70,20.00,100.00,OK,arduino_serial
evt_20260516_135122482921,sensor_aula_01,2026-05-16T13:51:22,22.70,20.00,100.00,OK,arduino_serial
evt_20260516_135125507276,sensor_aula_01,2026-05-16T13:51:25,22.70,20.00,100.00,OK,arduino_serial
evt_20260516_135128532313,sensor_aula_01,2026-05-16T13:51:28,22.70,20.00,100.00,OK,arduino_serial
evt_20260516_135131557072,sensor_aula_01,2026-05-16T13:51:31,22.70,20.00,100.00,OK,arduino_serial
evt_20260516_135134582092,sensor_aula_01,2026-05-16T13:51:34,22.70,20.00,100.00,OK,arduino_serial
evt_20260516_135137606816,sensor_aula_01,2026-05-16T13:51:37,22.70,20.00,100.00,OK,arduino_serial
evt_20260516_135140631617,sensor_aula_01,2026-05-16T13:51:40,22.70,20.00,100.00,OK,arduino_serial
evt_20260516_135143656365,sensor_aula_01,2026-05-16T13:51:43,22.70,20.00,100.00,OK,arduino_serial
evt_20260516_135146680905,sensor_aula_01,2026-05-16T13:51:46,22.70,20.00,100.00,OK,arduino_serial
evt_20260516_135149705990,sensor_aula_01,2026-05-16T13:51:49,22.70,20.00,100.00,OK,arduino_serial
evt_20260516_135152730747,sensor_aula_01,2026-05-16T13:51:52,22.70,20.00,100.00,OK,arduino_serial
evt_20260516_135155755774,sensor_aula_01,2026-05-16T13:51:55,22.70,20.00,100.00,OK,arduino_serial
evt_20260516_135158780951,sensor_aula_01,2026-05-16T13:51:58,22.70,20.00,100.00,OK,arduino_serial
evt_20260516_135201805717,sensor_aula_01,2026-05-16T13:52:01,22.70,20.00,100.00,OK,arduino_serial
evt_20260516_135204830066,sensor_aula_01,2026-05-16T13:52:04,22.70,20.00,100.00,OK,arduino_serial
evt_20260516_135207854785,sensor_aula_01,2026-05-16T13:52:07,22.70,20.00,100.00,OK,arduino_serial
evt_20260516_135210879640,sensor_aula_01,2026-05-16T13:52:10,22.70,20.00,100.00,OK,arduino_serial
evt_20260516_135213904700,sensor_aula_01,2026-05-16T13:52:13,22.70,20.00,100.00,OK,arduino_serial
evt_20260516_135216929268,sensor_aula_01,2026-05-16T13:52:16,22.70,20.00,100.00,OK,arduino_serial
evt_20260516_135219953915,sensor_aula_01,2026-05-16T13:52:19,22.70,20.00,100.00,OK,arduino_serial
evt_20260516_135222978675,sensor_aula_01,2026-05-16T13:52:22,22.70,20.00,100.00,OK,arduino_serial
evt_20260516_135226004055,sensor_aula_01,2026-05-16T13:52:26,22.70,20.00,100.00,OK,arduino_serial
evt_20260516_135229028706,sensor_aula_01,2026-05-16T13:52:29,22.70,20.00,100.00,OK,arduino_serial
evt_20260516_135232053618,sensor_aula_01,2026-05-16T13:52:32,22.70,20.00,100.00,OK,arduino_serial
evt_20260516_135235078224,sensor_aula_01,2026-05-16T13:52:35,22.70,20.00,100.00,OK,arduino_serial
evt_20260516_135238103008,sensor_aula_01,2026-05-16T13:52:38,22.70,20.00,100.00,OK,arduino_serial
evt_20260516_135241128078,sensor_aula_01,2026-05-16T13:52:41,22.70,20.00,100.00,OK,arduino_serial
evt_20260516_135244152119,sensor_aula_01,2026-05-16T13:52:44,22.80,20.00,100.00,OK,arduino_serial
evt_20260516_135247177083,sensor_aula_01,2026-05-16T13:52:47,22.70,20.00,100.00,OK,arduino_serial
evt_20260516_135250202277,sensor_aula_01,2026-05-16T13:52:50,22.70,20.00,100.00,OK,arduino_serial
evt_20260516_135253226719,sensor_aula_01,2026-05-16T13:52:53,22.70,20.00,100.00,OK,arduino_serial
evt_20260516_135256251355,sensor_aula_01,2026-05-16T13:52:56,22.80,20.00,100.00,OK,arduino_serial
evt_20260516_135259276023,sensor_aula_01,2026-05-16T13:52:59,22.70,20.00,100.00,OK,arduino_serial
evt_20260516_135302300839,sensor_aula_01,2026-05-16T13:53:02,22.70,20.00,100.00,OK,arduino_serial
evt_20260516_135305326283,sensor_aula_01,2026-05-16T13:53:05,22.70,20.00,100.00,OK,arduino_serial
evt_20260516_135308351119,sensor_aula_01,2026-05-16T13:53:08,22.70,20.00,100.00,OK,arduino_serial
evt_20260516_135311375866,sensor_aula_01,2026-05-16T13:53:11,22.70,20.00,100.00,OK,arduino_serial
evt_20260516_135314400491,sensor_aula_01,2026-05-16T13:53:14,22.70,20.00,100.00,OK,arduino_serial
evt_20260516_135317425289,sensor_aula_01,2026-05-16T13:53:17,22.70,20.00,100.00,OK,arduino_serial
evt_20260516_135320449953,sensor_aula_01,2026-05-16T13:53:20,22.70,20.00,100.00,OK,arduino_serial
evt_20260516_135323475002,sensor_aula_01,2026-05-16T13:53:23,22.70,20.00,100.00,OK,arduino_serial
evt_20260516_135326499917,sensor_aula_01,2026-05-16T13:53:26,22.70,20.00,100.00,OK,arduino_serial
evt_20260516_135329524209,sensor_aula_01,2026-05-16T13:53:29,22.70,20.00,100.00,OK,arduino_serial
evt_20260516_135332549393,sensor_aula_01,2026-05-16T13:53:32,22.70,20.00,100.00,OK,arduino_serial
evt_20260516_135335573889,sensor_aula_01,2026-05-16T13:53:35,22.80,20.00,100.00,OK,arduino_serial
evt_20260516_135338599547,sensor_aula_01,2026-05-16T13:53:38,22.70,20.00,100.00,OK,arduino_serial
evt_20260516_135341623665,sensor_aula_01,2026-05-16T13:53:41,22.80,20.00,100.00,OK,arduino_serial
evt_20260516_135344648575,sensor_aula_01,2026-05-16T13:53:44,22.70,20.00,100.00,OK,arduino_serial
evt_20260516_135347673783,sensor_aula_01,2026-05-16T13:53:47,22.70,20.00,100.00,OK,arduino_serial
evt_20260516_135350698309,sensor_aula_01,2026-05-16T13:53:50,22.70,20.00,100.00,OK,arduino_serial
evt_20260516_135353722834,sensor_aula_01,2026-05-16T13:53:53,22.70,20.00,100.00,OK,arduino_serial
evt_20260516_135356747475,sensor_aula_01,2026-05-16T13:53:56,22.70,20.00,100.00,OK,arduino_serial
evt_20260516_135359772239,sensor_aula_01,2026-05-16T13:53:59,22.70,20.00,100.00,OK,arduino_serial
evt_20260516_135402797956,sensor_aula_01,2026-05-16T13:54:02,22.80,20.00,100.00,OK,arduino_serial
evt_20260516_135405821797,sensor_aula_01,2026-05-16T13:54:05,22.80,20.00,100.00,OK,arduino_serial
evt_20260516_135408847089,sensor_aula_01,2026-05-16T13:54:08,22.80,20.00,100.00,OK,arduino_serial
evt_20260516_135411871272,sensor_aula_01,2026-05-16T13:54:11,22.80,20.00,100.00,OK,arduino_serial
evt_20260516_135414896663,sensor_aula_01,2026-05-16T13:54:14,22.80,20.00,100.00,OK,arduino_serial
evt_20260516_135417921595,sensor_aula_01,2026-05-16T13:54:17,22.80,20.00,100.00,OK,arduino_serial
evt_20260516_135420946005,sensor_aula_01,2026-05-16T13:54:20,22.80,20.00,100.00,OK,arduino_serial
evt_20260516_135423970469,sensor_aula_01,2026-05-16T13:54:23,22.80,20.00,100.00,OK,arduino_serial
evt_20260516_135426995917,sensor_aula_01,2026-05-16T13:54:26,22.80,20.00,100.00,OK,arduino_serial
evt_20260516_135430020420,sensor_aula_01,2026-05-16T13:54:30,22.80,20.00,100.00,OK,arduino_serial
evt_20260516_135433045532,sensor_aula_01,2026-05-16T13:54:33,22.80,20.00,100.00,OK,arduino_serial
evt_20260516_135436070507,sensor_aula_01,2026-05-16T13:54:36,22.80,20.00,100.00,OK,arduino_serial
evt_20260516_135439094752,sensor_aula_01,2026-05-16T13:54:39,22.80,20.00,100.00,OK,arduino_serial
evt_20260516_135442120942,sensor_aula_01,2026-05-16T13:54:42,22.80,20.00,100.00,OK,arduino_serial
evt_20260516_135445144134,sensor_aula_01,2026-05-16T13:54:45,22.80,20.00,100.00,OK,arduino_serial
evt_20260516_135448169941,sensor_aula_01,2026-05-16T13:54:48,22.80,20.00,100.00,OK,arduino_serial
evt_20260516_135451194340,sensor_aula_01,2026-05-16T13:54:51,22.80,20.00,100.00,OK,arduino_serial
evt_20260516_135454218601,sensor_aula_01,2026-05-16T13:54:54,22.80,20.00,100.00,OK,arduino_serial
evt_20260516_135457243425,sensor_aula_01,2026-05-16T13:54:57,22.80,20.00,100.00,OK,arduino_serial
evt_20260516_135500268673,sensor_aula_01,2026-05-16T13:55:00,22.90,20.00,100.00,OK,arduino_serial
evt_20260516_135503293089,sensor_aula_01,2026-05-16T13:55:03,22.80,20.00,100.00,OK,arduino_serial
evt_20260516_135506318000,sensor_aula_01,2026-05-16T13:55:06,22.80,20.00,100.00,OK,arduino_serial
evt_20260516_135509343237,sensor_aula_01,2026-05-16T13:55:09,22.80,20.00,100.00,OK,arduino_serial
evt_20260516_135512367801,sensor_aula_01,2026-05-16T13:55:12,22.80,20.00,100.00,OK,arduino_serial
evt_20260516_135515392684,sensor_aula_01,2026-05-16T13:55:15,22.80,20.00,100.00,OK,arduino_serial
evt_20260516_135518417155,sensor_aula_01,2026-05-16T13:55:18,22.80,20.00,100.00,OK,arduino_serial
evt_20260516_135521442168,sensor_aula_01,2026-05-16T13:55:21,22.80,20.00,100.00,OK,arduino_serial
evt_20260516_135524466947,sensor_aula_01,2026-05-16T13:55:24,22.80,20.00,100.00,OK,arduino_serial
evt_20260516_135527491868,sensor_aula_01,2026-05-16T13:55:27,22.80,20.00,100.00,OK,arduino_serial
evt_20260516_135530516531,sensor_aula_01,2026-05-16T13:55:30,22.80,20.00,100.00,OK,arduino_serial
evt_20260516_135533541249,sensor_aula_01,2026-05-16T13:55:33,22.80,20.00,100.00,OK,arduino_serial
evt_20260516_135536565562,sensor_aula_01,2026-05-16T13:55:36,22.80,20.00,100.00,OK,arduino_serial
evt_20260516_135539591272,sensor_aula_01,2026-05-16T13:55:39,22.80,20.00,100.00,OK,arduino_serial
evt_20260516_135542616016,sensor_aula_01,2026-05-16T13:55:42,22.80,20.00,100.00,OK,arduino_serial
evt_20260516_135545640411,sensor_aula_01,2026-05-16T13:55:45,22.80,20.00,100.00,OK,arduino_serial
evt_20260516_135548666276,sensor_aula_01,2026-05-16T13:55:48,22.90,20.00,100.00,OK,arduino_serial
evt_20260516_135551690062,sensor_aula_01,2026-05-16T13:55:51,22.80,20.00,100.00,OK,arduino_serial
evt_20260516_135554714551,sensor_aula_01,2026-05-16T13:55:54,22.80,20.00,100.00,OK,arduino_serial
evt_20260516_135557739958,sensor_aula_01,2026-05-16T13:55:57,22.80,20.00,100.00,OK,arduino_serial
evt_20260516_135600764573,sensor_aula_01,2026-05-16T13:56:00,22.80,20.00,100.00,OK,arduino_serial
evt_20260516_135603789807,sensor_aula_01,2026-05-16T13:56:03,22.80,20.00,100.00,OK,arduino_serial
evt_20260516_135606814279,sensor_aula_01,2026-05-16T13:56:06,22.80,20.00,100.00,OK,arduino_serial
evt_20260516_135609838543,sensor_aula_01,2026-05-16T13:56:09,22.80,20.00,100.00,OK,arduino_serial
evt_20260516_135612863886,sensor_aula_01,2026-05-16T13:56:12,22.80,20.00,100.00,OK,arduino_serial
evt_20260516_135615888693,sensor_aula_01,2026-05-16T13:56:15,22.80,20.00,100.00,OK,arduino_serial
evt_20260516_135618913606,sensor_aula_01,2026-05-16T13:56:18,22.80,20.00,100.00,OK,arduino_serial
evt_20260516_135621937729,sensor_aula_01,2026-05-16T13:56:21,22.80,20.00,100.00,OK,arduino_serial
evt_20260516_135624962566,sensor_aula_01,2026-05-16T13:56:24,22.80,20.00,100.00,OK,arduino_serial
evt_20260516_135627988172,sensor_aula_01,2026-05-16T13:56:27,22.80,20.00,100.00,OK,arduino_serial
evt_20260516_135631012726,sensor_aula_01,2026-05-16T13:56:31,22.80,20.00,100.00,OK,arduino_serial
evt_20260516_135634037875,sensor_aula_01,2026-05-16T13:56:34,22.80,20.00,100.00,OK,arduino_serial
evt_20260516_135637062455,sensor_aula_01,2026-05-16T13:56:37,22.80,20.00,100.00,OK,arduino_serial
evt_20260516_135640087257,sensor_aula_01,2026-05-16T13:56:40,22.70,20.00,100.00,OK,arduino_serial
evt_20260516_135643112709,sensor_aula_01,2026-05-16T13:56:43,22.70,20.00,100.00,OK,arduino_serial
evt_20260516_135646136838,sensor_aula_01,2026-05-16T13:56:46,22.70,20.00,100.00,OK,arduino_serial
evt_20260516_135649161465,sensor_aula_01,2026-05-16T13:56:49,22.70,20.00,100.00,OK,arduino_serial
evt_20260516_135652186456,sensor_aula_01,2026-05-16T13:56:52,22.70,20.00,100.00,OK,arduino_serial
evt_20260516_135655210772,sensor_aula_01,2026-05-16T13:56:55,22.80,20.00,100.00,OK,arduino_serial
evt_20260516_135658235774,sensor_aula_01,2026-05-16T13:56:58,22.70,20.00,100.00,OK,arduino_serial
evt_20260516_135701260564,sensor_aula_01,2026-05-16T13:57:01,22.70,20.00,100.00,OK,arduino_serial
evt_20260516_135704285688,sensor_aula_01,2026-05-16T13:57:04,22.70,20.00,100.00,OK,arduino_serial
evt_20260516_135707309984,sensor_aula_01,2026-05-16T13:57:07,22.70,20.00,100.00,OK,arduino_serial
evt_20260516_135710334801,sensor_aula_01,2026-05-16T13:57:10,22.80,20.00,100.00,OK,arduino_serial
evt_20260516_135713359829,sensor_aula_01,2026-05-16T13:57:13,22.80,20.00,100.00,OK,arduino_serial
evt_20260516_135716384681,sensor_aula_01,2026-05-16T13:57:16,22.70,20.00,100.00,OK,arduino_serial
evt_20260516_135719409383,sensor_aula_01,2026-05-16T13:57:19,22.70,20.00,100.00,OK,arduino_serial
evt_20260516_135722434074,sensor_aula_01,2026-05-16T13:57:22,22.70,20.00,100.00,OK,arduino_serial
evt_20260516_135725459447,sensor_aula_01,2026-05-16T13:57:25,22.70,20.00,100.00,OK,arduino_serial
evt_20260516_135728483746,sensor_aula_01,2026-05-16T13:57:28,22.70,20.00,100.00,OK,arduino_serial
evt_20260516_135731509071,sensor_aula_01,2026-05-16T13:57:31,22.70,20.00,100.00,OK,arduino_serial
evt_20260516_135734533293,sensor_aula_01,2026-05-16T13:57:34,22.70,20.00,100.00,OK,arduino_serial
evt_20260516_135737558037,sensor_aula_01,2026-05-16T13:57:37,22.70,20.00,100.00,OK,arduino_serial
evt_20260516_135740582734,sensor_aula_01,2026-05-16T13:57:40,22.80,20.00,100.00,OK,arduino_serial
evt_20260516_135743607917,sensor_aula_01,2026-05-16T13:57:43,22.70,20.00,100.00,OK,arduino_serial
evt_20260516_135746632893,sensor_aula_01,2026-05-16T13:57:46,22.70,20.00,100.00,OK,arduino_serial
evt_20260516_135749657389,sensor_aula_01,2026-05-16T13:57:49,22.80,20.00,100.00,OK,arduino_serial
evt_20260516_135752682362,sensor_aula_01,2026-05-16T13:57:52,22.70,20.00,100.00,OK,arduino_serial
evt_20260516_135755706984,sensor_aula_01,2026-05-16T13:57:55,22.80,20.00,100.00,OK,arduino_serial
evt_20260516_135758731502,sensor_aula_01,2026-05-16T13:57:58,22.80,20.00,100.00,OK,arduino_serial
evt_20260516_135801757348,sensor_aula_01,2026-05-16T13:58:01,22.80,20.00,100.00,OK,arduino_serial
evt_20260516_135804781177,sensor_aula_01,2026-05-16T13:58:04,22.80,20.00,100.00,OK,arduino_serial
evt_20260516_135807806665,sensor_aula_01,2026-05-16T13:58:07,22.80,20.00,100.00,OK,arduino_serial
evt_20260516_135810831188,sensor_aula_01,2026-05-16T13:58:10,22.80,20.00,100.00,OK,arduino_serial
evt_20260516_135813855965,sensor_aula_01,2026-05-16T13:58:13,22.80,20.00,100.00,OK,arduino_serial
evt_20260516_135816880480,sensor_aula_01,2026-05-16T13:58:16,22.90,20.00,100.00,OK,arduino_serial
evt_20260516_135819905243,sensor_aula_01,2026-05-16T13:58:19,22.80,20.00,100.00,OK,arduino_serial
evt_20260516_135822929992,sensor_aula_01,2026-05-16T13:58:22,22.80,20.00,100.00,OK,arduino_serial
evt_20260516_135825955628,sensor_aula_01,2026-05-16T13:58:25,22.80,20.00,100.00,OK,arduino_serial
evt_20260516_135828979598,sensor_aula_01,2026-05-16T13:58:28,22.80,20.00,100.00,OK,arduino_serial
evt_20260516_135832004727,sensor_aula_01,2026-05-16T13:58:32,22.80,20.00,100.00,OK,arduino_serial
evt_20260516_135835029996,sensor_aula_01,2026-05-16T13:58:35,22.80,20.00,100.00,OK,arduino_serial
evt_20260516_135838054371,sensor_aula_01,2026-05-16T13:58:38,22.80,20.00,100.00,OK,arduino_serial
evt_20260516_135841079697,sensor_aula_01,2026-05-16T13:58:41,22.80,20.00,100.00,OK,arduino_serial
evt_20260516_135844104086,sensor_aula_01,2026-05-16T13:58:44,22.80,20.00,100.00,OK,arduino_serial
evt_20260516_135847129263,sensor_aula_01,2026-05-16T13:58:47,22.80,20.00,100.00,OK,arduino_serial
evt_20260516_135850153871,sensor_aula_01,2026-05-16T13:58:50,22.80,20.00,100.00,OK,arduino_serial
evt_20260516_135853179082,sensor_aula_01,2026-05-16T13:58:53,22.90,20.00,100.00,OK,arduino_serial
evt_20260516_135856203557,sensor_aula_01,2026-05-16T13:58:56,22.80,20.00,100.00,OK,arduino_serial
evt_20260516_135859228023,sensor_aula_01,2026-05-16T13:58:59,22.80,20.00,100.00,OK,arduino_serial
evt_20260516_135902253730,sensor_aula_01,2026-05-16T13:59:02,22.80,19.00,100.00,OK,arduino_serial
evt_20260516_135905278163,sensor_aula_01,2026-05-16T13:59:05,22.80,19.00,100.00,OK,arduino_serial
evt_20260516_135908302397,sensor_aula_01,2026-05-16T13:59:08,22.80,19.00,100.00,OK,arduino_serial
evt_20260516_135911327393,sensor_aula_01,2026-05-16T13:59:11,22.80,19.00,100.00,OK,arduino_serial
evt_20260516_135914352727,sensor_aula_01,2026-05-16T13:59:14,22.80,19.00,100.00,OK,arduino_serial
evt_20260516_135917378683,sensor_aula_01,2026-05-16T13:59:17,22.80,19.00,100.00,OK,arduino_serial
evt_20260516_135920403201,sensor_aula_01,2026-05-16T13:59:20,22.80,19.00,100.00,OK,arduino_serial
evt_20260516_135923426733,sensor_aula_01,2026-05-16T13:59:23,22.80,19.00,100.00,OK,arduino_serial
evt_20260516_135926451444,sensor_aula_01,2026-05-16T13:59:26,22.80,19.00,100.00,OK,arduino_serial
evt_20260516_135929476752,sensor_aula_01,2026-05-16T13:59:29,22.80,19.00,100.00,OK,arduino_serial
evt_20260516_135932500837,sensor_aula_01,2026-05-16T13:59:32,22.90,19.00,100.00,OK,arduino_serial
evt_20260516_135935525856,sensor_aula_01,2026-05-16T13:59:35,22.80,19.00,100.00,OK,arduino_serial
evt_20260516_135938550895,sensor_aula_01,2026-05-16T13:59:38,22.80,19.00,100.00,OK,arduino_serial
evt_20260516_135941575653,sensor_aula_01,2026-05-16T13:59:41,22.90,19.00,100.00,OK,arduino_serial
evt_20260516_135944600920,sensor_aula_01,2026-05-16T13:59:44,22.80,19.00,100.00,OK,arduino_serial
evt_20260516_135947625567,sensor_aula_01,2026-05-16T13:59:47,22.90,19.00,100.00,OK,arduino_serial
evt_20260516_135950651025,sensor_aula_01,2026-05-16T13:59:50,22.80,19.00,100.00,OK,arduino_serial
evt_20260516_135953675417,sensor_aula_01,2026-05-16T13:59:53,22.90,19.00,100.00,OK,arduino_serial
evt_20260516_135956699613,sensor_aula_01,2026-05-16T13:59:56,22.80,19.00,100.00,OK,arduino_serial
evt_20260516_135959724899,sensor_aula_01,2026-05-16T13:59:59,22.80,20.00,100.00,OK,arduino_serial
evt_20260516_140002749137,sensor_aula_01,2026-05-16T14:00:02,22.80,20.00,100.00,OK,arduino_serial
evt_20260516_140005774357,sensor_aula_01,2026-05-16T14:00:05,22.90,20.00,100.00,OK,arduino_serial
evt_20260516_140008799338,sensor_aula_01,2026-05-16T14:00:08,22.90,20.00,100.00,OK,arduino_serial
evt_20260516_140011823970,sensor_aula_01,2026-05-16T14:00:11,22.90,20.00,100.00,OK,arduino_serial
evt_20260516_140014848604,sensor_aula_01,2026-05-16T14:00:14,22.90,20.00,100.00,OK,arduino_serial
evt_20260516_140017873554,sensor_aula_01,2026-05-16T14:00:17,22.80,20.00,100.00,OK,arduino_serial
evt_20260516_140020898399,sensor_aula_01,2026-05-16T14:00:20,22.80,20.00,100.00,OK,arduino_serial
evt_20260516_140023923112,sensor_aula_01,2026-05-16T14:00:23,22.80,20.00,100.00,OK,arduino_serial
evt_20260516_140026947958,sensor_aula_01,2026-05-16T14:00:26,22.90,20.00,100.00,OK,arduino_serial
evt_20260516_140029972790,sensor_aula_01,2026-05-16T14:00:29,22.90,20.00,100.00,OK,arduino_serial
evt_20260516_140032997983,sensor_aula_01,2026-05-16T14:00:32,22.80,20.00,100.00,OK,arduino_serial
evt_20260516_140036022730,sensor_aula_01,2026-05-16T14:00:36,22.80,20.00,100.00,OK,arduino_serial
evt_20260516_140039047608,sensor_aula_01,2026-05-16T14:00:39,22.80,20.00,100.00,OK,arduino_serial
evt_20260516_140042072346,sensor_aula_01,2026-05-16T14:00:42,22.80,20.00,100.00,OK,arduino_serial
evt_20260516_140045097167,sensor_aula_01,2026-05-16T14:00:45,22.80,20.00,100.00,OK,arduino_serial
evt_20260516_140048122095,sensor_aula_01,2026-05-16T14:00:48,22.80,20.00,100.00,OK,arduino_serial
evt_20260516_140051147382,sensor_aula_01,2026-05-16T14:00:51,22.80,20.00,100.00,OK,arduino_serial
evt_20260516_140054171527,sensor_aula_01,2026-05-16T14:00:54,22.80,20.00,100.00,OK,arduino_serial
evt_20260516_140057196595,sensor_aula_01,2026-05-16T14:00:57,22.80,20.00,100.00,OK,arduino_serial
evt_20260516_140100221090,sensor_aula_01,2026-05-16T14:01:00,22.90,20.00,100.00,OK,arduino_serial
evt_20260516_140103245935,sensor_aula_01,2026-05-16T14:01:03,22.90,20.00,100.00,OK,arduino_serial
evt_20260516_140106270892,sensor_aula_01,2026-05-16T14:01:06,22.80,20.00,100.00,OK,arduino_serial
evt_20260516_140109295425,sensor_aula_01,2026-05-16T14:01:09,22.80,20.00,100.00,OK,arduino_serial
evt_20260516_140112320510,sensor_aula_01,2026-05-16T14:01:12,22.80,20.00,100.00,OK,arduino_serial
evt_20260516_140115345448,sensor_aula_01,2026-05-16T14:01:15,22.80,20.00,100.00,OK,arduino_serial
evt_20260516_140118370224,sensor_aula_01,2026-05-16T14:01:18,22.80,20.00,100.00,OK,arduino_serial
evt_20260516_140121395215,sensor_aula_01,2026-05-16T14:01:21,22.80,20.00,100.00,OK,arduino_serial
evt_20260516_140124419684,sensor_aula_01,2026-05-16T14:01:24,22.80,20.00,100.00,OK,arduino_serial
evt_20260516_140127444661,sensor_aula_01,2026-05-16T14:01:27,22.80,20.00,100.00,OK,arduino_serial
evt_20260516_140130469424,sensor_aula_01,2026-05-16T14:01:30,22.80,20.00,100.00,OK,arduino_serial
evt_20260516_140133494358,sensor_aula_01,2026-05-16T14:01:33,22.80,20.00,100.00,OK,arduino_serial
evt_20260516_140136518915,sensor_aula_01,2026-05-16T14:01:36,22.80,20.00,100.00,OK,arduino_serial
evt_20260516_140139544245,sensor_aula_01,2026-05-16T14:01:39,22.80,20.00,100.00,OK,arduino_serial
evt_20260516_140142568909,sensor_aula_01,2026-05-16T14:01:42,22.90,20.00,100.00,OK,arduino_serial
evt_20260516_140145593676,sensor_aula_01,2026-05-16T14:01:45,22.80,20.00,100.00,OK,arduino_serial
evt_20260516_140148618312,sensor_aula_01,2026-05-16T14:01:48,22.80,20.00,100.00,OK,arduino_serial
evt_20260516_140151643474,sensor_aula_01,2026-05-16T14:01:51,22.80,20.00,100.00,OK,arduino_serial
evt_20260516_140154668286,sensor_aula_01,2026-05-16T14:01:54,22.80,20.00,100.00,OK,arduino_serial
evt_20260516_140157692694,sensor_aula_01,2026-05-16T14:01:57,22.80,20.00,100.00,OK,arduino_serial
evt_20260516_140200717933,sensor_aula_01,2026-05-16T14:02:00,22.80,20.00,100.00,OK,arduino_serial
evt_20260516_140203742782,sensor_aula_01,2026-05-16T14:02:03,22.80,20.00,100.00,OK,arduino_serial
evt_20260516_140206767975,sensor_aula_01,2026-05-16T14:02:06,22.80,20.00,100.00,OK,arduino_serial
evt_20260516_140209793082,sensor_aula_01,2026-05-16T14:02:09,22.80,20.00,100.00,OK,arduino_serial
evt_20260516_140212816896,sensor_aula_01,2026-05-16T14:02:12,22.80,20.00,100.00,OK,arduino_serial
evt_20260516_140215841752,sensor_aula_01,2026-05-16T14:02:15,22.80,20.00,100.00,OK,arduino_serial
evt_20260516_140218866560,sensor_aula_01,2026-05-16T14:02:18,22.80,20.00,100.00,OK,arduino_serial
evt_20260516_140221891737,sensor_aula_01,2026-05-16T14:02:21,22.80,20.00,100.00,OK,arduino_serial
evt_20260516_140224916518,sensor_aula_01,2026-05-16T14:02:24,22.80,20.00,100.00,OK,arduino_serial
evt_20260516_140227941489,sensor_aula_01,2026-05-16T14:02:27,22.80,20.00,100.00,OK,arduino_serial
evt_20260516_140230966490,sensor_aula_01,2026-05-16T14:02:30,22.80,20.00,100.00,OK,arduino_serial
evt_20260516_140233991257,sensor_aula_01,2026-05-16T14:02:33,22.80,20.00,100.00,OK,arduino_serial
evt_20260516_140237015985,sensor_aula_01,2026-05-16T14:02:37,22.80,20.00,100.00,OK,arduino_serial
evt_20260516_140240040738,sensor_aula_01,2026-05-16T14:02:40,22.80,20.00,100.00,OK,arduino_serial
evt_20260516_140243065839,sensor_aula_01,2026-05-16T14:02:43,22.80,20.00,100.00,OK,arduino_serial
evt_20260516_140246090590,sensor_aula_01,2026-05-16T14:02:46,22.80,20.00,100.00,OK,arduino_serial
evt_20260516_140249114811,sensor_aula_01,2026-05-16T14:02:49,22.80,20.00,100.00,OK,arduino_serial
evt_20260516_140252140380,sensor_aula_01,2026-05-16T14:02:52,22.70,20.00,100.00,OK,arduino_serial
evt_20260516_140255164894,sensor_aula_01,2026-05-16T14:02:55,22.80,20.00,100.00,OK,arduino_serial
evt_20260516_140258189503,sensor_aula_01,2026-05-16T14:02:58,22.70,20.00,100.00,OK,arduino_serial
evt_20260516_140301214433,sensor_aula_01,2026-05-16T14:03:01,22.80,20.00,100.00,OK,arduino_serial
evt_20260516_140304239907,sensor_aula_01,2026-05-16T14:03:04,22.70,20.00,100.00,OK,arduino_serial
evt_20260516_140307263928,sensor_aula_01,2026-05-16T14:03:07,22.80,20.00,100.00,OK,arduino_serial
evt_20260516_140310289178,sensor_aula_01,2026-05-16T14:03:10,22.80,20.00,100.00,OK,arduino_serial
evt_20260516_140313314766,sensor_aula_01,2026-05-16T14:03:13,22.70,20.00,100.00,OK,arduino_serial
evt_20260516_140316339121,sensor_aula_01,2026-05-16T14:03:16,22.70,20.00,100.00,OK,arduino_serial
evt_20260516_140319363412,sensor_aula_01,2026-05-16T14:03:19,22.70,20.00,100.00,OK,arduino_serial
evt_20260516_140322388168,sensor_aula_01,2026-05-16T14:03:22,22.70,20.00,100.00,OK,arduino_serial
evt_20260516_140325413102,sensor_aula_01,2026-05-16T14:03:25,22.70,20.00,100.00,OK,arduino_serial
evt_20260516_140328438188,sensor_aula_01,2026-05-16T14:03:28,22.70,19.00,100.00,OK,arduino_serial
evt_20260516_140331462659,sensor_aula_01,2026-05-16T14:03:31,22.70,19.00,100.00,OK,arduino_serial
evt_20260516_140334487483,sensor_aula_01,2026-05-16T14:03:34,22.70,19.00,100.00,OK,arduino_serial
evt_20260516_140337512433,sensor_aula_01,2026-05-16T14:03:37,22.70,20.00,100.00,OK,arduino_serial
evt_20260516_140340537189,sensor_aula_01,2026-05-16T14:03:40,22.70,20.00,100.00,OK,arduino_serial
evt_20260516_140343562129,sensor_aula_01,2026-05-16T14:03:43,22.80,20.00,100.00,OK,arduino_serial
evt_20260516_140346587123,sensor_aula_01,2026-05-16T14:03:46,22.70,20.00,100.00,OK,arduino_serial
evt_20260516_140349611616,sensor_aula_01,2026-05-16T14:03:49,22.70,20.00,100.00,OK,arduino_serial
evt_20260516_140352636221,sensor_aula_01,2026-05-16T14:03:52,22.70,20.00,100.00,OK,arduino_serial
evt_20260516_140355661780,sensor_aula_01,2026-05-16T14:03:55,22.70,20.00,100.00,OK,arduino_serial
evt_20260516_140358685877,sensor_aula_01,2026-05-16T14:03:58,22.70,20.00,100.00,OK,arduino_serial
evt_20260516_140401711035,sensor_aula_01,2026-05-16T14:04:01,22.80,20.00,100.00,OK,arduino_serial
evt_20260516_140404735672,sensor_aula_01,2026-05-16T14:04:04,22.70,20.00,100.00,OK,arduino_serial
evt_20260516_140407761382,sensor_aula_01,2026-05-16T14:04:07,22.70,20.00,100.00,OK,arduino_serial
evt_20260516_140410785602,sensor_aula_01,2026-05-16T14:04:10,22.80,20.00,100.00,OK,arduino_serial
evt_20260516_140413809903,sensor_aula_01,2026-05-16T14:04:13,22.70,20.00,100.00,OK,arduino_serial
evt_20260516_140416834997,sensor_aula_01,2026-05-16T14:04:16,22.70,20.00,100.00,OK,arduino_serial
evt_20260516_140419860167,sensor_aula_01,2026-05-16T14:04:19,22.70,20.00,100.00,OK,arduino_serial
evt_20260516_140422884969,sensor_aula_01,2026-05-16T14:04:22,22.70,20.00,100.00,OK,arduino_serial
evt_20260516_140425909616,sensor_aula_01,2026-05-16T14:04:25,22.80,20.00,100.00,OK,arduino_serial
evt_20260516_140428934334,sensor_aula_01,2026-05-16T14:04:28,22.80,20.00,100.00,OK,arduino_serial
evt_20260516_140431959171,sensor_aula_01,2026-05-16T14:04:31,22.80,20.00,100.00,OK,arduino_serial
evt_20260516_140434984423,sensor_aula_01,2026-05-16T14:04:34,22.80,20.00,100.00,OK,arduino_serial
evt_20260516_140438008851,sensor_aula_01,2026-05-16T14:04:38,22.80,20.00,100.00,OK,arduino_serial
evt_20260516_140441033662,sensor_aula_01,2026-05-16T14:04:41,22.80,20.00,100.00,OK,arduino_serial
evt_20260516_140444058699,sensor_aula_01,2026-05-16T14:04:44,22.80,20.00,100.00,OK,arduino_serial
evt_20260516_140447083141,sensor_aula_01,2026-05-16T14:04:47,22.80,20.00,100.00,OK,arduino_serial
evt_20260516_140450108388,sensor_aula_01,2026-05-16T14:04:50,22.80,20.00,100.00,OK,arduino_serial
evt_20260516_140453133190,sensor_aula_01,2026-05-16T14:04:53,22.90,20.00,100.00,OK,arduino_serial
evt_20260516_140456158002,sensor_aula_01,2026-05-16T14:04:56,22.80,20.00,100.00,OK,arduino_serial
evt_20260516_140459182391,sensor_aula_01,2026-05-16T14:04:59,22.90,20.00,100.00,OK,arduino_serial
evt_20260516_140502207327,sensor_aula_01,2026-05-16T14:05:02,22.80,20.00,100.00,OK,arduino_serial
evt_20260516_140505231900,sensor_aula_01,2026-05-16T14:05:05,22.80,20.00,100.00,OK,arduino_serial
evt_20260516_140508256999,sensor_aula_01,2026-05-16T14:05:08,22.80,20.00,100.00,OK,arduino_serial
evt_20260516_140511282372,sensor_aula_01,2026-05-16T14:05:11,22.80,20.00,100.00,OK,arduino_serial
evt_20260516_140514306692,sensor_aula_01,2026-05-16T14:05:14,22.80,20.00,100.00,OK,arduino_serial
evt_20260516_140517331835,sensor_aula_01,2026-05-16T14:05:17,22.80,20.00,100.00,OK,arduino_serial
evt_20260516_140520356459,sensor_aula_01,2026-05-16T14:05:20,22.80,20.00,100.00,OK,arduino_serial
evt_20260516_140523381372,sensor_aula_01,2026-05-16T14:05:23,22.80,20.00,100.00,OK,arduino_serial
evt_20260516_140526406165,sensor_aula_01,2026-05-16T14:05:26,22.80,20.00,100.00,OK,arduino_serial
evt_20260516_140529430912,sensor_aula_01,2026-05-16T14:05:29,22.90,20.00,100.00,OK,arduino_serial
evt_20260516_140532455726,sensor_aula_01,2026-05-16T14:05:32,22.80,20.00,100.00,OK,arduino_serial
evt_20260516_140535480098,sensor_aula_01,2026-05-16T14:05:35,22.80,20.00,100.00,OK,arduino_serial
evt_20260516_140538505217,sensor_aula_01,2026-05-16T14:05:38,22.90,20.00,100.00,OK,arduino_serial
evt_20260516_140541530542,sensor_aula_01,2026-05-16T14:05:41,22.80,20.00,100.00,OK,arduino_serial
evt_20260516_140544555403,sensor_aula_01,2026-05-16T14:05:44,22.80,20.00,100.00,OK,arduino_serial
evt_20260516_140547579411,sensor_aula_01,2026-05-16T14:05:47,22.80,20.00,100.00,OK,arduino_serial
evt_20260516_140550604551,sensor_aula_01,2026-05-16T14:05:50,22.80,20.00,100.00,OK,arduino_serial
evt_20260516_140553629514,sensor_aula_01,2026-05-16T14:05:53,22.90,20.00,100.00,OK,arduino_serial
evt_20260516_140556654872,sensor_aula_01,2026-05-16T14:05:56,22.90,20.00,100.00,OK,arduino_serial
evt_20260516_140559679240,sensor_aula_01,2026-05-16T14:05:59,22.80,20.00,100.00,OK,arduino_serial
evt_20260516_140602704225,sensor_aula_01,2026-05-16T14:06:02,22.80,20.00,100.00,OK,arduino_serial
evt_20260516_140605728797,sensor_aula_01,2026-05-16T14:06:05,22.80,20.00,100.00,OK,arduino_serial
evt_20260516_140608753621,sensor_aula_01,2026-05-16T14:06:08,22.80,20.00,100.00,OK,arduino_serial
evt_20260516_140611779307,sensor_aula_01,2026-05-16T14:06:11,22.90,20.00,100.00,OK,arduino_serial
evt_20260516_140614803193,sensor_aula_01,2026-05-16T14:06:14,22.80,20.00,100.00,OK,arduino_serial
evt_20260516_140617828299,sensor_aula_01,2026-05-16T14:06:17,22.80,20.00,100.00,OK,arduino_serial
evt_20260516_140620853013,sensor_aula_01,2026-05-16T14:06:20,22.80,20.00,100.00,OK,arduino_serial
evt_20260516_140623877806,sensor_aula_01,2026-05-16T14:06:23,22.90,20.00,100.00,OK,arduino_serial
evt_20260516_140626902730,sensor_aula_01,2026-05-16T14:06:26,22.90,19.00,100.00,OK,arduino_serial
evt_20260516_140629927375,sensor_aula_01,2026-05-16T14:06:29,22.80,19.00,100.00,OK,arduino_serial
evt_20260516_140632952213,sensor_aula_01,2026-05-16T14:06:32,22.80,19.00,100.00,OK,arduino_serial
evt_20260516_140635977486,sensor_aula_01,2026-05-16T14:06:35,22.80,19.00,100.00,OK,arduino_serial
evt_20260516_140639002274,sensor_aula_01,2026-05-16T14:06:39,22.80,20.00,100.00,OK,arduino_serial
evt_20260516_140642026746,sensor_aula_01,2026-05-16T14:06:42,22.80,20.00,100.00,OK,arduino_serial
evt_20260516_140645051496,sensor_aula_01,2026-05-16T14:06:45,22.80,20.00,100.00,OK,arduino_serial
evt_20260516_140648076843,sensor_aula_01,2026-05-16T14:06:48,22.80,20.00,100.00,OK,arduino_serial
evt_20260516_140651101269,sensor_aula_01,2026-05-16T14:06:51,22.80,20.00,100.00,OK,arduino_serial
evt_20260516_140654126276,sensor_aula_01,2026-05-16T14:06:54,22.80,20.00,100.00,OK,arduino_serial
evt_20260516_140657150970,sensor_aula_01,2026-05-16T14:06:57,22.80,20.00,100.00,OK,arduino_serial
evt_20260516_140700175437,sensor_aula_01,2026-05-16T14:07:00,22.80,20.00,100.00,OK,arduino_serial
evt_20260516_140703200952,sensor_aula_01,2026-05-16T14:07:03,22.80,20.00,100.00,OK,arduino_serial
evt_20260516_140706225332,sensor_aula_01,2026-05-16T14:07:06,22.80,20.00,100.00,OK,arduino_serial
evt_20260516_140709250776,sensor_aula_01,2026-05-16T14:07:09,22.70,20.00,100.00,OK,arduino_serial
evt_20260516_140712275094,sensor_aula_01,2026-05-16T14:07:12,22.80,20.00,100.00,OK,arduino_serial
evt_20260516_140715300016,sensor_aula_01,2026-05-16T14:07:15,22.80,20.00,100.00,OK,arduino_serial
evt_20260516_140718325099,sensor_aula_01,2026-05-16T14:07:18,22.80,20.00,100.00,OK,arduino_serial
evt_20260516_140721349374,sensor_aula_01,2026-05-16T14:07:21,22.80,20.00,100.00,OK,arduino_serial
evt_20260516_140724374210,sensor_aula_01,2026-05-16T14:07:24,22.80,20.00,100.00,OK,arduino_serial
evt_20260516_140727399955,sensor_aula_01,2026-05-16T14:07:27,22.80,20.00,100.00,OK,arduino_serial
evt_20260516_140730424117,sensor_aula_01,2026-05-16T14:07:30,22.80,20.00,100.00,OK,arduino_serial
evt_20260516_140733448682,sensor_aula_01,2026-05-16T14:07:33,22.80,20.00,100.00,OK,arduino_serial
evt_20260516_140736473743,sensor_aula_01,2026-05-16T14:07:36,22.80,20.00,100.00,OK,arduino_serial
evt_20260516_140739499062,sensor_aula_01,2026-05-16T14:07:39,22.90,20.00,100.00,OK,arduino_serial
evt_20260516_140742523328,sensor_aula_01,2026-05-16T14:07:42,22.80,20.00,100.00,OK,arduino_serial
evt_20260516_140745547936,sensor_aula_01,2026-05-16T14:07:45,22.80,20.00,100.00,OK,arduino_serial
evt_20260516_140748572860,sensor_aula_01,2026-05-16T14:07:48,22.80,20.00,100.00,OK,arduino_serial
evt_20260516_140751598023,sensor_aula_01,2026-05-16T14:07:51,22.90,20.00,100.00,OK,arduino_serial
evt_20260516_140754622404,sensor_aula_01,2026-05-16T14:07:54,22.90,20.00,100.00,OK,arduino_serial
evt_20260516_140757647306,sensor_aula_01,2026-05-16T14:07:57,22.80,20.00,100.00,OK,arduino_serial
evt_20260516_140800672735,sensor_aula_01,2026-05-16T14:08:00,22.80,20.00,100.00,OK,arduino_serial
evt_20260516_140803697081,sensor_aula_01,2026-05-16T14:08:03,22.80,20.00,100.00,OK,arduino_serial
evt_20260516_140806721817,sensor_aula_01,2026-05-16T14:08:06,22.80,20.00,100.00,OK,arduino_serial
evt_20260516_140809747534,sensor_aula_01,2026-05-16T14:08:09,22.90,20.00,100.00,OK,arduino_serial
evt_20260516_140812771483,sensor_aula_01,2026-05-16T14:08:12,22.80,20.00,100.00,OK,arduino_serial
evt_20260516_140815796255,sensor_aula_01,2026-05-16T14:08:15,22.80,20.00,100.00,OK,arduino_serial
evt_20260516_140818821194,sensor_aula_01,2026-05-16T14:08:18,22.90,20.00,100.00,OK,arduino_serial
evt_20260516_140821846274,sensor_aula_01,2026-05-16T14:08:21,22.80,20.00,100.00,OK,arduino_serial
evt_20260516_140824871244,sensor_aula_01,2026-05-16T14:08:24,22.80,20.00,100.00,OK,arduino_serial
evt_20260516_140827896409,sensor_aula_01,2026-05-16T14:08:27,22.90,20.00,100.00,OK,arduino_serial
evt_20260516_140830920753,sensor_aula_01,2026-05-16T14:08:30,22.90,20.00,100.00,OK,arduino_serial
evt_20260516_140833945294,sensor_aula_01,2026-05-16T14:08:33,22.90,20.00,100.00,OK,arduino_serial
evt_20260516_140836970290,sensor_aula_01,2026-05-16T14:08:36,22.90,20.00,100.00,OK,arduino_serial
evt_20260516_140839995781,sensor_aula_01,2026-05-16T14:08:39,22.90,20.00,100.00,OK,arduino_serial
evt_20260516_140843020062,sensor_aula_01,2026-05-16T14:08:43,22.90,19.00,100.00,OK,arduino_serial
evt_20260516_140846045000,sensor_aula_01,2026-05-16T14:08:46,22.90,19.00,100.00,OK,arduino_serial
evt_20260516_140849069428,sensor_aula_01,2026-05-16T14:08:49,22.90,19.00,100.00,OK,arduino_serial
evt_20260516_140852094499,sensor_aula_01,2026-05-16T14:08:52,22.90,19.00,100.00,OK,arduino_serial
evt_20260516_140855119237,sensor_aula_01,2026-05-16T14:08:55,22.90,19.00,100.00,OK,arduino_serial
evt_20260516_140858143913,sensor_aula_01,2026-05-16T14:08:58,23.00,19.00,100.00,OK,arduino_serial
evt_20260516_140901168918,sensor_aula_01,2026-05-16T14:09:01,22.90,19.00,100.00,OK,arduino_serial
evt_20260516_140904194281,sensor_aula_01,2026-05-16T14:09:04,22.90,19.00,100.00,OK,arduino_serial
evt_20260516_140907218962,sensor_aula_01,2026-05-16T14:09:07,22.90,19.00,100.00,OK,arduino_serial
evt_20260516_140910242908,sensor_aula_01,2026-05-16T14:09:10,23.00,19.00,100.00,OK,arduino_serial
evt_20260516_140913268499,sensor_aula_01,2026-05-16T14:09:13,22.90,19.00,100.00,OK,arduino_serial
evt_20260516_140916293318,sensor_aula_01,2026-05-16T14:09:16,23.00,19.00,100.00,OK,arduino_serial
evt_20260516_140919317617,sensor_aula_01,2026-05-16T14:09:19,23.00,19.00,100.00,OK,arduino_serial
evt_20260516_140922342681,sensor_aula_01,2026-05-16T14:09:22,23.00,19.00,100.00,OK,arduino_serial
evt_20260516_140925367352,sensor_aula_01,2026-05-16T14:09:25,23.00,19.00,100.00,OK,arduino_serial
evt_20260516_140928391853,sensor_aula_01,2026-05-16T14:09:28,23.00,19.00,100.00,OK,arduino_serial
evt_20260516_140931416754,sensor_aula_01,2026-05-16T14:09:31,23.00,19.00,100.00,OK,arduino_serial
evt_20260516_140934441622,sensor_aula_01,2026-05-16T14:09:34,22.90,19.00,100.00,OK,arduino_serial
evt_20260516_140937467177,sensor_aula_01,2026-05-16T14:09:37,22.90,19.00,100.00,OK,arduino_serial
evt_20260516_140940491213,sensor_aula_01,2026-05-16T14:09:40,23.00,19.00,100.00,OK,arduino_serial
evt_20260516_140943516328,sensor_aula_01,2026-05-16T14:09:43,23.00,19.00,100.00,OK,arduino_serial
evt_20260516_140946541035,sensor_aula_01,2026-05-16T14:09:46,23.00,19.00,100.00,OK,arduino_serial
evt_20260516_140949565716,sensor_aula_01,2026-05-16T14:09:49,23.00,19.00,100.00,OK,arduino_serial
evt_20260516_140952591233,sensor_aula_01,2026-05-16T14:09:52,23.00,19.00,100.00,OK,arduino_serial
evt_20260516_140955615472,sensor_aula_01,2026-05-16T14:09:55,23.00,19.00,100.00,OK,arduino_serial
evt_20260516_140958640559,sensor_aula_01,2026-05-16T14:09:58,23.00,19.00,100.00,OK,arduino_serial
evt_20260516_141001665053,sensor_aula_01,2026-05-16T14:10:01,23.00,19.00,100.00,OK,arduino_serial
evt_20260516_141004690041,sensor_aula_01,2026-05-16T14:10:04,23.00,19.00,100.00,OK,arduino_serial
evt_20260516_141007714640,sensor_aula_01,2026-05-16T14:10:07,23.00,19.00,100.00,OK,arduino_serial
evt_20260516_141010739899,sensor_aula_01,2026-05-16T14:10:10,23.00,19.00,100.00,OK,arduino_serial
evt_20260516_141013764968,sensor_aula_01,2026-05-16T14:10:13,22.90,19.00,100.00,OK,arduino_serial
evt_20260516_141016789456,sensor_aula_01,2026-05-16T14:10:16,22.90,19.00,100.00,OK,arduino_serial
evt_20260516_141019814607,sensor_aula_01,2026-05-16T14:10:19,22.90,19.00,100.00,OK,arduino_serial
evt_20260516_141022839705,sensor_aula_01,2026-05-16T14:10:22,23.00,19.00,100.00,OK,arduino_serial
evt_20260516_141025864593,sensor_aula_01,2026-05-16T14:10:25,22.90,19.00,100.00,OK,arduino_serial
evt_20260516_141028889179,sensor_aula_01,2026-05-16T14:10:28,22.90,19.00,100.00,OK,arduino_serial
evt_20260516_141031913686,sensor_aula_01,2026-05-16T14:10:31,23.00,19.00,100.00,OK,arduino_serial
evt_20260516_141034938518,sensor_aula_01,2026-05-16T14:10:34,22.90,19.00,100.00,OK,arduino_serial
evt_20260516_141037963686,sensor_aula_01,2026-05-16T14:10:37,22.90,19.00,100.00,OK,arduino_serial
evt_20260516_141040988572,sensor_aula_01,2026-05-16T14:10:40,23.00,19.00,100.00,OK,arduino_serial
evt_20260516_141044013158,sensor_aula_01,2026-05-16T14:10:44,23.00,19.00,100.00,OK,arduino_serial
evt_20260516_141047038049,sensor_aula_01,2026-05-16T14:10:47,23.00,19.00,100.00,OK,arduino_serial
evt_20260516_141050063107,sensor_aula_01,2026-05-16T14:10:50,22.90,19.00,100.00,OK,arduino_serial
evt_20260516_141053087727,sensor_aula_01,2026-05-16T14:10:53,22.90,19.00,100.00,OK,arduino_serial
evt_20260516_141056111984,sensor_aula_01,2026-05-16T14:10:56,22.90,19.00,100.00,OK,arduino_serial
evt_20260516_141059138316,sensor_aula_01,2026-05-16T14:10:59,22.90,19.00,100.00,OK,arduino_serial
evt_20260516_141102161968,sensor_aula_01,2026-05-16T14:11:02,22.90,19.00,100.00,OK,arduino_serial
evt_20260516_141105186713,sensor_aula_01,2026-05-16T14:11:05,22.90,19.00,100.00,OK,arduino_serial
evt_20260516_141108211737,sensor_aula_01,2026-05-16T14:11:08,22.90,19.00,100.00,OK,arduino_serial
evt_20260516_141111236620,sensor_aula_01,2026-05-16T14:11:11,23.00,19.00,100.00,OK,arduino_serial
evt_20260516_141114261307,sensor_aula_01,2026-05-16T14:11:14,23.00,19.00,100.00,OK,arduino_serial
evt_20260516_141117286056,sensor_aula_01,2026-05-16T14:11:17,23.00,19.00,100.00,OK,arduino_serial
evt_20260516_141120310617,sensor_aula_01,2026-05-16T14:11:20,23.00,19.00,100.00,OK,arduino_serial
evt_20260516_141123336020,sensor_aula_01,2026-05-16T14:11:23,22.90,19.00,100.00,OK,arduino_serial
evt_20260516_141126360458,sensor_aula_01,2026-05-16T14:11:26,23.00,19.00,100.00,OK,arduino_serial
evt_20260516_141129385612,sensor_aula_01,2026-05-16T14:11:29,23.00,19.00,100.00,OK,arduino_serial
evt_20260516_141132409959,sensor_aula_01,2026-05-16T14:11:32,23.00,19.00,100.00,OK,arduino_serial
evt_20260516_141135434999,sensor_aula_01,2026-05-16T14:11:35,23.00,19.00,100.00,OK,arduino_serial
evt_20260516_141138459891,sensor_aula_01,2026-05-16T14:11:38,23.00,19.00,100.00,OK,arduino_serial
evt_20260516_141141485070,sensor_aula_01,2026-05-16T14:11:41,23.00,19.00,100.00,OK,arduino_serial
evt_20260516_141144509578,sensor_aula_01,2026-05-16T14:11:44,23.00,19.00,100.00,OK,arduino_serial
evt_20260516_141147534109,sensor_aula_01,2026-05-16T14:11:47,23.00,19.00,100.00,OK,arduino_serial
evt_20260516_141150559637,sensor_aula_01,2026-05-16T14:11:50,23.00,19.00,100.00,OK,arduino_serial
evt_20260516_141153583645,sensor_aula_01,2026-05-16T14:11:53,23.00,19.00,100.00,OK,arduino_serial
evt_20260516_141156608817,sensor_aula_01,2026-05-16T14:11:56,23.00,19.00,100.00,OK,arduino_serial
evt_20260516_141159633666,sensor_aula_01,2026-05-16T14:11:59,23.00,19.00,100.00,OK,arduino_serial
evt_20260516_141202658351,sensor_aula_01,2026-05-16T14:12:02,23.00,19.00,100.00,OK,arduino_serial
evt_20260516_141205683189,sensor_aula_01,2026-05-16T14:12:05,23.00,19.00,100.00,OK,arduino_serial
evt_20260516_141208708304,sensor_aula_01,2026-05-16T14:12:08,23.00,19.00,100.00,OK,arduino_serial
evt_20260516_141211732838,sensor_aula_01,2026-05-16T14:12:11,23.00,19.00,100.00,OK,arduino_serial
evt_20260516_141214757630,sensor_aula_01,2026-05-16T14:12:14,23.00,19.00,100.00,OK,arduino_serial
evt_20260516_141217782531,sensor_aula_01,2026-05-16T14:12:17,23.00,19.00,100.00,OK,arduino_serial
evt_20260516_141220807011,sensor_aula_01,2026-05-16T14:12:20,23.00,19.00,100.00,OK,arduino_serial
evt_20260516_141223832413,sensor_aula_01,2026-05-16T14:12:23,23.10,19.00,100.00,OK,arduino_serial
evt_20260516_141226857244,sensor_aula_01,2026-05-16T14:12:26,23.00,19.00,100.00,OK,arduino_serial
evt_20260516_141229882082,sensor_aula_01,2026-05-16T14:12:29,23.10,19.00,100.00,OK,arduino_serial
evt_20260516_141232906900,sensor_aula_01,2026-05-16T14:12:32,23.00,19.00,100.00,OK,arduino_serial
evt_20260516_141235931745,sensor_aula_01,2026-05-16T14:12:35,23.10,19.00,100.00,OK,arduino_serial
evt_20260516_141238956431,sensor_aula_01,2026-05-16T14:12:38,23.00,19.00,100.00,OK,arduino_serial
evt_20260516_141241981535,sensor_aula_01,2026-05-16T14:12:41,23.00,19.00,100.00,OK,arduino_serial
evt_20260516_141245005747,sensor_aula_01,2026-05-16T14:12:45,23.00,19.00,100.00,OK,arduino_serial
evt_20260516_141248031162,sensor_aula_01,2026-05-16T14:12:48,23.00,19.00,100.00,OK,arduino_serial
evt_20260516_141251056111,sensor_aula_01,2026-05-16T14:12:51,23.00,19.00,100.00,OK,arduino_serial
evt_20260516_141254080667,sensor_aula_01,2026-05-16T14:12:54,23.00,19.00,100.00,OK,arduino_serial
evt_20260516_141257105130,sensor_aula_01,2026-05-16T14:12:57,23.00,19.00,100.00,OK,arduino_serial
evt_20260516_141300130286,sensor_aula_01,2026-05-16T14:13:00,23.00,19.00,100.00,OK,arduino_serial
evt_20260516_141303155039,sensor_aula_01,2026-05-16T14:13:03,23.00,19.00,100.00,OK,arduino_serial
evt_20260516_141306179947,sensor_aula_01,2026-05-16T14:13:06,23.00,19.00,100.00,OK,arduino_serial
evt_20260516_141309205068,sensor_aula_01,2026-05-16T14:13:09,23.00,19.00,100.00,OK,arduino_serial
evt_20260516_141312229276,sensor_aula_01,2026-05-16T14:13:12,23.00,19.00,100.00,OK,arduino_serial
evt_20260516_141315254195,sensor_aula_01,2026-05-16T14:13:15,23.00,19.00,100.00,OK,arduino_serial
evt_20260516_141318279537,sensor_aula_01,2026-05-16T14:13:18,23.00,19.00,100.00,OK,arduino_serial
evt_20260516_141321304166,sensor_aula_01,2026-05-16T14:13:21,23.00,19.00,100.00,OK,arduino_serial
evt_20260516_141324328694,sensor_aula_01,2026-05-16T14:13:24,23.00,19.00,100.00,OK,arduino_serial
evt_20260516_141327353828,sensor_aula_01,2026-05-16T14:13:27,23.00,19.00,100.00,OK,arduino_serial
evt_20260516_141330378450,sensor_aula_01,2026-05-16T14:13:30,23.00,19.00,100.00,OK,arduino_serial
evt_20260516_141333403818,sensor_aula_01,2026-05-16T14:13:33,23.00,19.00,100.00,OK,arduino_serial
evt_20260516_141336427715,sensor_aula_01,2026-05-16T14:13:36,23.00,19.00,100.00,OK,arduino_serial
evt_20260516_141339453256,sensor_aula_01,2026-05-16T14:13:39,23.00,19.00,100.00,OK,arduino_serial
evt_20260516_141342477630,sensor_aula_01,2026-05-16T14:13:42,23.00,19.00,100.00,OK,arduino_serial
evt_20260516_141345502849,sensor_aula_01,2026-05-16T14:13:45,23.00,19.00,100.00,OK,arduino_serial
evt_20260516_141348527713,sensor_aula_01,2026-05-16T14:13:48,23.00,19.00,100.00,OK,arduino_serial
evt_20260516_141351553372,sensor_aula_01,2026-05-16T14:13:51,23.00,19.00,100.00,OK,arduino_serial
evt_20260516_141354576839,sensor_aula_01,2026-05-16T14:13:54,23.00,19.00,100.00,OK,arduino_serial
evt_20260516_141357602520,sensor_aula_01,2026-05-16T14:13:57,23.10,19.00,100.00,OK,arduino_serial
evt_20260516_141400626958,sensor_aula_01,2026-05-16T14:14:00,23.00,19.00,100.00,OK,arduino_serial
evt_20260516_141403651928,sensor_aula_01,2026-05-16T14:14:03,23.10,19.00,100.00,OK,arduino_serial
evt_20260516_141406676172,sensor_aula_01,2026-05-16T14:14:06,23.10,19.00,100.00,OK,arduino_serial
evt_20260516_141409701231,sensor_aula_01,2026-05-16T14:14:09,23.00,19.00,100.00,OK,arduino_serial
evt_20260516_141412725793,sensor_aula_01,2026-05-16T14:14:12,23.00,19.00,100.00,OK,arduino_serial
evt_20260516_141415750618,sensor_aula_01,2026-05-16T14:14:15,23.00,19.00,100.00,OK,arduino_serial
evt_20260516_141418775437,sensor_aula_01,2026-05-16T14:14:18,23.00,19.00,100.00,OK,arduino_serial
evt_20260516_141421800662,sensor_aula_01,2026-05-16T14:14:21,23.00,19.00,100.00,OK,arduino_serial
evt_20260516_141424825577,sensor_aula_01,2026-05-16T14:14:24,23.10,19.00,100.00,OK,arduino_serial
evt_20260516_141427850415,sensor_aula_01,2026-05-16T14:14:27,23.00,19.00,100.00,OK,arduino_serial
evt_20260516_141430874890,sensor_aula_01,2026-05-16T14:14:30,23.00,19.00,100.00,OK,arduino_serial
evt_20260516_141433899801,sensor_aula_01,2026-05-16T14:14:33,23.00,19.00,100.00,OK,arduino_serial
evt_20260516_fault_000001,sensor_aula_01,2026-05-16T14:14:36,22.10,,100.00,ERROR,manual_fault_injection
evt_20260516_fault_000002,sensor_aula_01,2026-05-16T14:14:39,22.20,21.00,,ERROR,manual_fault_injection
evt_20260516_fault_000003,sensor_aula_01,2026-05-16T14:14:42,texto_temp,22.00,100.00,ERROR,manual_fault_injection
evt_20260516_fault_000004,sensor_aula_01,2026-05-16T14:14:45,22.40,humedad_texto,100.00,ERROR,manual_fault_injection
evt_20260516_fault_000005,sensor_aula_01,2026-05-16T14:14:48,22.50,24.00,bateria_texto,ERROR,manual_fault_injection
evt_20260516_fault_000006,sensor_aula_01,2026-05-16T14:14:51,22.60,19.00,-15.00,WARN,manual_fault_injection
evt_20260516_fault_000007,sensor_aula_01,2026-05-16T14:14:54,22.70,-8.00,100.00,WARN,manual_fault_injection
evt_20260516_fault_000008,sensor_aula_01,2026-05-16T14:14:57,-99.00,21.00,100.00,WARN,manual_fault_injection
evt_20260516_fault_000009,sensor_aula_01,2026-05-16T14:15:00,22.10,130.00,100.00,WARN,manual_fault_injection
evt_20260516_fault_000010,sensor_aula_01,2026-05-16T14:15:03,150.00,23.00,100.00,WARN,manual_fault_injection
evt_20260516_fault_000011,sensor_aula_01,2026-05-16T14:15:06,   ,   ,   ,ERROR,manual_fault_injection
evt_20260516_fault_000012,sensor_aula_01,2026-05-16T14:15:09,,19.00,100.00,ERROR,manual_fault_injection
evt_20260516_fault_000013,sensor_aula_01,2026-05-16T14:15:12,22.50,,100.00,ERROR,manual_fault_injection
evt_20260516_fault_000014,sensor_aula_01,2026-05-16T14:15:15,22.60,21.00,,ERROR,manual_fault_injection
evt_20260516_fault_000015,sensor_aula_01,2026-05-16T14:15:18,texto_temp,22.00,100.00,ERROR,manual_fault_injection
evt_20260516_fault_000016,sensor_aula_01,2026-05-16T14:15:21,22.00,humedad_texto,100.00,ERROR,manual_fault_injection
evt_20260516_fault_000017,sensor_aula_01,2026-05-16T14:15:24,22.10,24.00,bateria_texto,ERROR,manual_fault_injection
evt_20260516_fault_000018,sensor_aula_01,2026-05-16T14:15:27,22.20,19.00,-15.00,WARN,manual_fault_injection
evt_20260516_fault_000019,sensor_aula_01,2026-05-16T14:15:30,22.30,-8.00,100.00,WARN,manual_fault_injection
evt_20260516_fault_000020,sensor_aula_01,2026-05-16T14:15:33,-99.00,21.00,100.00,WARN,manual_fault_injection
evt_20260516_fault_000021,sensor_aula_01,2026-05-16T14:15:36,22.50,130.00,100.00,WARN,manual_fault_injection
evt_20260516_fault_000022,sensor_aula_01,2026-05-16T14:15:39,150.00,23.00,100.00,WARN,manual_fault_injection
evt_20260516_fault_000023,sensor_aula_01,2026-05-16T14:15:42,   ,   ,   ,ERROR,manual_fault_injection
evt_20260516_fault_000024,sensor_aula_01,2026-05-16T14:15:45,,19.00,100.00,ERROR,manual_fault_injection
evt_20260516_fault_000025,sensor_aula_01,2026-05-16T14:15:48,22.10,,100.00,ERROR,manual_fault_injection
evt_20260516_fault_000026,sensor_aula_01,2026-05-16T14:15:51,22.20,21.00,,ERROR,manual_fault_injection
evt_20260516_fault_000027,sensor_aula_01,2026-05-16T14:15:54,texto_temp,22.00,100.00,ERROR,manual_fault_injection
evt_20260516_fault_000028,sensor_aula_01,2026-05-16T14:15:57,22.40,humedad_texto,100.00,ERROR,manual_fault_injection
evt_20260516_fault_000029,sensor_aula_01,2026-05-16T14:16:00,22.50,24.00,bateria_texto,ERROR,manual_fault_injection
evt_20260516_fault_000030,sensor_aula_01,2026-05-16T14:16:03,22.60,19.00,-15.00,WARN,manual_fault_injection
evt_20260516_fault_000031,sensor_aula_01,2026-05-16T14:16:06,22.70,-8.00,100.00,WARN,manual_fault_injection
evt_20260516_fault_000032,sensor_aula_01,2026-05-16T14:16:09,-99.00,21.00,100.00,WARN,manual_fault_injection
evt_20260516_fault_000033,sensor_aula_01,2026-05-16T14:16:12,22.10,130.00,100.00,WARN,manual_fault_injection
evt_20260516_fault_000034,sensor_aula_01,2026-05-16T14:16:15,150.00,23.00,100.00,WARN,manual_fault_injection
evt_20260516_fault_000035,sensor_aula_01,2026-05-16T14:16:18,   ,   ,   ,ERROR,manual_fault_injection
evt_20260516_fault_000036,sensor_aula_01,2026-05-16T14:16:21,,19.00,100.00,ERROR,manual_fault_injection
evt_20260516_fault_000037,sensor_aula_01,,22.50,,100.00,ERROR,manual_fault_injection
evt_20260516_fault_000038,sensor_aula_01,2026-05-16T14:16:27,22.60,21.00,,ERROR,manual_fault_injection
evt_20260516_fault_000039,sensor_aula_01,2026-05-16T14:16:30,texto_temp,22.00,100.00,ERROR,manual_fault_injection
evt_20260516_fault_000040,sensor_aula_01,2026-05-16T14:16:33,22.00,humedad_texto,100.00,ERROR,manual_fault_injection
evt_20260516_fault_000041,sensor_aula_01,2026-05-16T14:16:36,22.10,24.00,bateria_texto,ERROR,manual_fault_injection
evt_20260516_fault_000042,sensor_aula_01,2026-05-16T14:16:39,22.20,19.00,-15.00,WARN,manual_fault_injection
evt_20260516_fault_000043,sensor_aula_01,2026-05-16T14:16:42,22.30,-8.00,100.00,WARN,manual_fault_injection
evt_20260516_fault_000044,sensor_aula_01,2026-05-16T14:16:45,-99.00,21.00,100.00,WARN,manual_fault_injection
evt_20260516_fault_000045,sensor_aula_01,2026-05-16T14:16:48,22.50,130.00,100.00,WARN,manual_fault_injection
evt_20260516_fault_000046,sensor_aula_01,2026-05-16T14:16:51,150.00,23.00,100.00,WARN,manual_fault_injection
evt_20260516_fault_000047,sensor_aula_01,2026-05-16T14:16:54,   ,   ,   ,ERROR,manual_fault_injection
evt_20260516_fault_000048,sensor_aula_01,2026-05-16T14:16:57,,19.00,100.00,ERROR,manual_fault_injection
evt_20260516_fault_000049,sensor_aula_01,2026-05-16T14:17:00,22.10,,100.00,ERROR,manual_fault_injection
evt_20260516_fault_000050,sensor_aula_01,2026-05-16T14:17:03,22.20,21.00,,ERROR,manual_fault_injection
evt_20260516_fault_000051,sensor_aula_01,2026-05-16T14:17:06,texto_temp,22.00,100.00,ERROR,manual_fault_injection
evt_20260516_fault_000052,sensor_aula_01,2026-05-16T14:17:09,22.40,humedad_texto,100.00,ERROR,manual_fault_injection
evt_20260516_fault_000053,sensor_aula_01,2026-05-16T14:17:12,22.50,24.00,bateria_texto,UNKNOWN,manual_fault_injection
evt_20260516_fault_000054,sensor_aula_01,2026-05-16T14:17:15,22.60,19.00,-15.00,WARN,manual_fault_injection
evt_20260516_fault_000055,sensor_aula_01,2026-05-16T14:17:18,22.70,-8.00,100.00,WARN,manual_fault_injection
evt_20260516_fault_000056,sensor_aula_01,2026-05-16T14:17:21,-99.00,21.00,100.00,WARN,manual_fault_injection
evt_20260516_fault_000057,sensor_aula_01,2026-05-16T14:17:24,22.10,130.00,100.00,WARN,manual_fault_injection
evt_20260516_fault_000058,sensor_aula_01,2026-05-16T14:17:27,150.00,23.00,100.00,WARN,manual_fault_injection
evt_20260516_fault_000059,sensor_aula_01,2026-05-16T14:17:30,   ,   ,   ,ERROR,manual_fault_injection
evt_20260516_fault_000060,sensor_aula_01,2026-05-16T14:17:33,,19.00,100.00,ERROR,manual_fault_injection
evt_20260516_fault_000061,sensor_aula_01,2026-05-16T14:17:36,22.50,,100.00,ERROR,manual_fault_injection
evt_20260516_fault_000062,sensor_aula_01,2026-05-16T14:17:39,22.60,21.00,,ERROR,manual_fault_injection
evt_20260516_fault_000063,sensor_aula_01,2026-05-16T14:17:42,texto_temp,22.00,100.00,ERROR,manual_fault_injection
evt_20260516_fault_000064,sensor_aula_01,2026-05-16T14:17:45,22.00,humedad_texto,100.00,ERROR,manual_fault_injection
evt_20260516_fault_000065,sensor_aula_01,2026-05-16T14:17:48,22.10,24.00,bateria_texto,ERROR,manual_fault_injection
evt_20260516_fault_000066,sensor_aula_01,2026-05-16T14:17:51,22.20,19.00,-15.00,WARN,manual_fault_injection
evt_20260516_fault_000067,sensor_aula_01,2026-05-16T14:17:54,22.30,-8.00,100.00,WARN,manual_fault_injection
evt_20260516_fault_000068,sensor_aula_01,2026-05-16T14:17:57,-99.00,21.00,100.00,WARN,manual_fault_injection
evt_20260516_fault_000069,sensor_aula_01,2026-05-16T14:18:00,22.50,130.00,100.00,WARN,manual_fault_injection
evt_20260516_fault_000070,sensor_aula_01,2026-05-16T14:18:03,150.00,23.00,100.00,WARN,manual_fault_injection
evt_20260516_fault_000071,sensor_aula_01,2026-05-16T14:18:06,   ,   ,   ,ERROR,manual_fault_injection
evt_20260516_fault_000072,sensor_aula_01,2026-05-16T14:18:09,,19.00,100.00,ERROR,manual_fault_injection
evt_20260516_fault_000073,sensor_aula_01,2026-05-16T14:18:12,22.10,,100.00,ERROR,manual_fault_injection
evt_20260516_fault_000074,sensor_aula_01,,22.20,21.00,,ERROR,manual_fault_injection
evt_20260516_fault_000075,sensor_aula_01,2026-05-16T14:18:18,texto_temp,22.00,100.00,ERROR,manual_fault_injection
evt_20260516_fault_000076,sensor_aula_01,2026-05-16T14:18:21,22.40,humedad_texto,100.00,ERROR,manual_fault_injection
evt_20260516_fault_000077,sensor_aula_01,2026-05-16T14:18:24,22.50,24.00,bateria_texto,ERROR,manual_fault_injection
evt_20260516_fault_000078,sensor_aula_01,2026-05-16T14:18:27,22.60,19.00,-15.00,WARN,manual_fault_injection
evt_20260516_fault_000079,sensor_aula_01,2026-05-16T14:18:30,22.70,-8.00,100.00,WARN,manual_fault_injection
evt_20260516_fault_000080,sensor_aula_01,2026-05-16T14:18:33,-99.00,21.00,100.00,WARN,manual_fault_injection
evt_20260516_fault_000081,sensor_aula_01,2026-05-16T14:18:36,22.10,130.00,100.00,WARN,manual_fault_injection
evt_20260516_fault_000082,sensor_aula_01,2026-05-16T14:18:39,150.00,23.00,100.00,WARN,manual_fault_injection
evt_20260516_fault_000083,sensor_aula_01,2026-05-16T14:18:42,   ,   ,   ,ERROR,manual_fault_injection
evt_20260516_fault_000084,sensor_aula_01,2026-05-16T14:18:45,,19.00,100.00,ERROR,manual_fault_injection
evt_20260516_fault_000085,sensor_aula_01,2026-05-16T14:18:48,22.50,,100.00,ERROR,manual_fault_injection
evt_20260516_fault_000086,sensor_aula_01,2026-05-16T14:18:51,22.60,21.00,,ERROR,manual_fault_injection
evt_20260516_fault_000087,sensor_aula_01,2026-05-16T14:18:54,texto_temp,22.00,100.00,ERROR,manual_fault_injection
evt_20260516_fault_000088,sensor_aula_01,2026-05-16T14:18:57,22.00,humedad_texto,100.00,ERROR,manual_fault_injection
evt_20260516_fault_000089,sensor_aula_01,2026-05-16T14:19:00,22.10,24.00,bateria_texto,ERROR,manual_fault_injection
evt_20260516_fault_000090,sensor_aula_01,2026-05-16T14:19:03,22.20,19.00,-15.00,WARN,manual_fault_injection
evt_20260516_fault_000091,sensor_aula_01,2026-05-16T14:19:06,22.30,-8.00,100.00,WARN,manual_fault_injection
evt_20260516_fault_000092,sensor_aula_01,2026-05-16T14:19:09,-99.00,21.00,100.00,WARN,manual_fault_injection
evt_20260516_fault_000093,sensor_aula_01,2026-05-16T14:19:12,22.50,130.00,100.00,WARN,manual_fault_injection
evt_20260516_fault_000094,sensor_aula_01,2026-05-16T14:19:15,150.00,23.00,100.00,WARN,manual_fault_injection
evt_20260516_fault_000095,sensor_aula_01,2026-05-16T14:19:18,   ,   ,   ,ERROR,manual_fault_injection
evt_20260516_fault_000096,sensor_aula_01,2026-05-16T14:19:21,,19.00,100.00,ERROR,manual_fault_injection
evt_20260516_fault_000097,sensor_aula_01,2026-05-16T14:19:24,22.10,,100.00,ERROR,manual_fault_injection
evt_20260516_fault_000098,sensor_aula_01,2026-05-16T14:19:27,22.20,21.00,,ERROR,manual_fault_injection
evt_20260516_fault_000099,sensor_aula_01,2026-05-16T14:19:30,texto_temp,22.00,100.00,ERROR,manual_fault_injection
evt_20260516_fault_000100,sensor_aula_01,2026-05-16T14:19:33,22.40,humedad_texto,100.00,ERROR,manual_fault_injection
evt_20260516_fault_000101,sensor_aula_01,2026-05-16T14:19:36,22.50,24.00,bateria_texto,ERROR,manual_fault_injection
evt_20260516_fault_000102,sensor_aula_01,2026-05-16T14:19:39,22.60,19.00,-15.00,WARN,manual_fault_injection
evt_20260516_fault_000103,sensor_aula_01,2026-05-16T14:19:42,22.70,-8.00,100.00,WARN,manual_fault_injection
evt_20260516_fault_000104,sensor_aula_01,2026-05-16T14:19:45,-99.00,21.00,100.00,WARN,manual_fault_injection
evt_20260516_fault_000105,sensor_aula_01,2026-05-16T14:19:48,22.10,130.00,100.00,WARN,manual_fault_injection
evt_20260516_fault_000106,sensor_aula_01,2026-05-16T14:19:51,150.00,23.00,100.00,UNKNOWN,manual_fault_injection
evt_20260516_fault_000107,sensor_aula_01,2026-05-16T14:19:54,   ,   ,   ,ERROR,manual_fault_injection
evt_20260516_fault_000108,sensor_aula_01,2026-05-16T14:19:57,,19.00,100.00,ERROR,manual_fault_injection
evt_20260516_fault_000109,sensor_aula_01,2026-05-16T14:20:00,22.50,,100.00,ERROR,manual_fault_injection
evt_20260516_fault_000110,sensor_aula_01,2026-05-16T14:20:03,22.60,21.00,,ERROR,manual_fault_injection
evt_20260516_fault_000111,sensor_aula_01,,texto_temp,22.00,100.00,ERROR,manual_fault_injection
evt_20260516_fault_000112,sensor_aula_01,2026-05-16T14:20:09,22.00,humedad_texto,100.00,ERROR,manual_fault_injection
evt_20260516_fault_000113,sensor_aula_01,2026-05-16T14:20:12,22.10,24.00,bateria_texto,ERROR,manual_fault_injection
evt_20260516_fault_000114,sensor_aula_01,2026-05-16T14:20:15,22.20,19.00,-15.00,WARN,manual_fault_injection
evt_20260516_fault_000115,sensor_aula_01,2026-05-16T14:20:18,22.30,-8.00,100.00,WARN,manual_fault_injection
evt_20260516_fault_000116,sensor_aula_01,2026-05-16T14:20:21,-99.00,21.00,100.00,WARN,manual_fault_injection
evt_20260516_fault_000117,sensor_aula_01,2026-05-16T14:20:24,22.50,130.00,100.00,WARN,manual_fault_injection
evt_20260516_fault_000118,sensor_aula_01,2026-05-16T14:20:27,150.00,23.00,100.00,WARN,manual_fault_injection
evt_20260516_fault_000119,sensor_aula_01,2026-05-16T14:20:30,   ,   ,   ,ERROR,manual_fault_injection
evt_20260516_fault_000120,sensor_aula_01,2026-05-16T14:20:33,,19.00,100.00,ERROR,manual_fault_injection
evt_20260516_fault_000121,sensor_aula_01,2026-05-16T14:20:36,22.10,,100.00,ERROR,manual_fault_injection
evt_20260516_fault_000122,sensor_aula_01,2026-05-16T14:20:39,22.20,21.00,,ERROR,manual_fault_injection
evt_20260516_fault_000123,sensor_aula_01,2026-05-16T14:20:42,texto_temp,22.00,100.00,ERROR,manual_fault_injection
evt_20260516_fault_000124,sensor_aula_01,2026-05-16T14:20:45,22.40,humedad_texto,100.00,ERROR,manual_fault_injection
evt_20260516_fault_000125,sensor_aula_01,2026-05-16T14:20:48,22.50,24.00,bateria_texto,ERROR,manual_fault_injection
evt_20260516_fault_000126,sensor_aula_01,2026-05-16T14:20:51,22.60,19.00,-15.00,WARN,manual_fault_injection
evt_20260516_fault_000127,sensor_aula_01,2026-05-16T14:20:54,22.70,-8.00,100.00,WARN,manual_fault_injection
evt_20260516_fault_000128,sensor_aula_01,2026-05-16T14:20:57,-99.00,21.00,100.00,WARN,manual_fault_injection
evt_20260516_fault_000129,sensor_aula_01,2026-05-16T14:21:00,22.10,130.00,100.00,WARN,manual_fault_injection
evt_20260516_fault_000130,sensor_aula_01,2026-05-16T14:21:03,150.00,23.00,100.00,WARN,manual_fault_injection
evt_20260516_fault_000131,sensor_aula_01,2026-05-16T14:21:06,   ,   ,   ,ERROR,manual_fault_injection
evt_20260516_fault_000132,sensor_aula_01,2026-05-16T14:21:09,,19.00,100.00,ERROR,manual_fault_injection
evt_20260516_fault_000133,sensor_aula_01,2026-05-16T14:21:12,22.50,,100.00,ERROR,manual_fault_injection
evt_20260516_fault_000134,sensor_aula_01,2026-05-16T14:21:15,22.60,21.00,,ERROR,manual_fault_injection
evt_20260516_fault_000135,sensor_aula_01,2026-05-16T14:21:18,texto_temp,22.00,100.00,ERROR,manual_fault_injection
evt_20260516_fault_000136,sensor_aula_01,2026-05-16T14:21:21,22.00,humedad_texto,100.00,ERROR,manual_fault_injection
evt_20260516_fault_000137,sensor_aula_01,2026-05-16T14:21:24,22.10,24.00,bateria_texto,ERROR,manual_fault_injection
evt_20260516_fault_000138,sensor_aula_01,2026-05-16T14:21:27,22.20,19.00,-15.00,WARN,manual_fault_injection
evt_20260516_fault_000139,sensor_aula_01,2026-05-16T14:21:30,22.30,-8.00,100.00,WARN,manual_fault_injection
evt_20260516_fault_000140,sensor_aula_01,2026-05-16T14:21:33,-99.00,21.00,100.00,WARN,manual_fault_injection
evt_20260516_fault_000141,sensor_aula_01,2026-05-16T14:21:36,22.50,130.00,100.00,WARN,manual_fault_injection
evt_20260516_fault_000142,sensor_aula_01,2026-05-16T14:21:39,150.00,23.00,100.00,WARN,manual_fault_injection
evt_20260516_fault_000143,sensor_aula_01,2026-05-16T14:21:42,   ,   ,   ,ERROR,manual_fault_injection
evt_20260516_fault_000144,sensor_aula_01,2026-05-16T14:21:45,,19.00,100.00,ERROR,manual_fault_injection
evt_20260516_fault_000145,sensor_aula_01,2026-05-16T14:21:48,22.10,,100.00,ERROR,manual_fault_injection
evt_20260516_fault_000146,sensor_aula_01,2026-05-16T14:21:51,22.20,21.00,,ERROR,manual_fault_injection
evt_20260516_fault_000147,sensor_aula_01,2026-05-16T14:21:54,texto_temp,22.00,100.00,ERROR,manual_fault_injection
evt_20260516_fault_000148,sensor_aula_01,,22.40,humedad_texto,100.00,ERROR,manual_fault_injection
evt_20260516_fault_000149,sensor_aula_01,2026-05-16T14:22:00,22.50,24.00,bateria_texto,ERROR,manual_fault_injection
evt_20260516_fault_000150,sensor_aula_01,2026-05-16T14:22:03,22.60,19.00,-15.00,WARN,manual_fault_injection
evt_20260516_fault_000151,sensor_aula_01,2026-05-16T14:22:06,22.70,-8.00,100.00,WARN,manual_fault_injection
evt_20260516_fault_000152,sensor_aula_01,2026-05-16T14:22:09,-99.00,21.00,100.00,WARN,manual_fault_injection
evt_20260516_fault_000153,sensor_aula_01,2026-05-16T14:22:12,22.10,130.00,100.00,WARN,manual_fault_injection
evt_20260516_fault_000154,sensor_aula_01,2026-05-16T14:22:15,150.00,23.00,100.00,WARN,manual_fault_injection
evt_20260516_fault_000155,sensor_aula_01,2026-05-16T14:22:18,   ,   ,   ,ERROR,manual_fault_injection
evt_20260516_fault_000156,sensor_aula_01,2026-05-16T14:22:21,,19.00,100.00,ERROR,manual_fault_injection
evt_20260516_fault_000157,sensor_aula_01,2026-05-16T14:22:24,22.50,,100.00,ERROR,manual_fault_injection
evt_20260516_fault_000158,sensor_aula_01,2026-05-16T14:22:27,22.60,21.00,,ERROR,manual_fault_injection
evt_20260516_fault_000159,sensor_aula_01,2026-05-16T14:22:30,texto_temp,22.00,100.00,UNKNOWN,manual_fault_injection
evt_20260516_fault_000160,sensor_aula_01,2026-05-16T14:22:33,22.00,humedad_texto,100.00,ERROR,manual_fault_injection
evt_20260516_fault_000161,sensor_aula_01,2026-05-16T14:22:36,22.10,24.00,bateria_texto,ERROR,manual_fault_injection
evt_20260516_fault_000162,sensor_aula_01,2026-05-16T14:22:39,22.20,19.00,-15.00,WARN,manual_fault_injection
evt_20260516_fault_000163,sensor_aula_01,2026-05-16T14:22:42,22.30,-8.00,100.00,WARN,manual_fault_injection
evt_20260516_fault_000164,sensor_aula_01,2026-05-16T14:22:45,-99.00,21.00,100.00,WARN,manual_fault_injection
evt_20260516_fault_000165,sensor_aula_01,2026-05-16T14:22:48,22.50,130.00,100.00,WARN,manual_fault_injection
evt_20260516_fault_000166,sensor_aula_01,2026-05-16T14:22:51,150.00,23.00,100.00,WARN,manual_fault_injection
evt_20260516_fault_000167,sensor_aula_01,2026-05-16T14:22:54,   ,   ,   ,ERROR,manual_fault_injection
evt_20260516_fault_000168,sensor_aula_01,2026-05-16T14:22:57,,19.00,100.00,ERROR,manual_fault_injection
evt_20260516_fault_000169,sensor_aula_01,2026-05-16T14:23:00,22.10,,100.00,ERROR,manual_fault_injection
evt_20260516_fault_000170,sensor_aula_01,2026-05-16T14:23:03,22.20,21.00,,ERROR,manual_fault_injection
evt_20260516_fault_000171,sensor_aula_01,2026-05-16T14:23:06,texto_temp,22.00,100.00,ERROR,manual_fault_injection
evt_20260516_fault_000172,sensor_aula_01,2026-05-16T14:23:09,22.40,humedad_texto,100.00,ERROR,manual_fault_injection
evt_20260516_fault_000173,sensor_aula_01,2026-05-16T14:23:12,22.50,24.00,bateria_texto,ERROR,manual_fault_injection
evt_20260516_fault_000174,sensor_aula_01,2026-05-16T14:23:15,22.60,19.00,-15.00,WARN,manual_fault_injection
evt_20260516_fault_000175,sensor_aula_01,2026-05-16T14:23:18,22.70,-8.00,100.00,WARN,manual_fault_injection
evt_20260516_fault_000176,sensor_aula_01,2026-05-16T14:23:21,-99.00,21.00,100.00,WARN,manual_fault_injection
evt_20260516_fault_000177,sensor_aula_01,2026-05-16T14:23:24,22.10,130.00,100.00,WARN,manual_fault_injection
evt_20260516_fault_000178,sensor_aula_01,2026-05-16T14:23:27,150.00,23.00,100.00,WARN,manual_fault_injection
evt_20260516_fault_000179,sensor_aula_01,2026-05-16T14:23:30,   ,   ,   ,ERROR,manual_fault_injection
evt_20260516_fault_000180,sensor_aula_01,2026-05-16T14:23:33,,19.00,100.00,ERROR,manual_fault_injection
evt_20260516_fault_000181,sensor_aula_01,2026-05-16T14:23:36,22.50,,100.00,ERROR,manual_fault_injection
evt_20260516_fault_000182,sensor_aula_01,2026-05-16T14:23:39,22.60,21.00,,ERROR,manual_fault_injection
evt_20260516_fault_000183,sensor_aula_01,2026-05-16T14:23:42,texto_temp,22.00,100.00,ERROR,manual_fault_injection
evt_20260516_fault_000184,sensor_aula_01,2026-05-16T14:23:45,22.00,humedad_texto,100.00,ERROR,manual_fault_injection
evt_20260516_fault_000185,sensor_aula_01,,22.10,24.00,bateria_texto,ERROR,manual_fault_injection
evt_20260516_fault_000186,sensor_aula_01,2026-05-16T14:23:51,22.20,19.00,-15.00,WARN,manual_fault_injection
evt_20260516_fault_000187,sensor_aula_01,2026-05-16T14:23:54,22.30,-8.00,100.00,WARN,manual_fault_injection
evt_20260516_fault_000188,sensor_aula_01,2026-05-16T14:23:57,-99.00,21.00,100.00,WARN,manual_fault_injection
evt_20260516_fault_000189,sensor_aula_01,2026-05-16T14:24:00,22.50,130.00,100.00,WARN,manual_fault_injection
evt_20260516_fault_000190,sensor_aula_01,2026-05-16T14:24:03,150.00,23.00,100.00,WARN,manual_fault_injection
evt_20260516_fault_000191,sensor_aula_01,2026-05-16T14:24:06,   ,   ,   ,ERROR,manual_fault_injection
evt_20260516_fault_000192,sensor_aula_01,2026-05-16T14:24:09,,19.00,100.00,ERROR,manual_fault_injection
evt_20260516_fault_000193,sensor_aula_01,2026-05-16T14:24:12,22.10,,100.00,ERROR,manual_fault_injection
evt_20260516_fault_000194,sensor_aula_01,2026-05-16T14:24:15,22.20,21.00,,ERROR,manual_fault_injection
evt_20260516_fault_000195,sensor_aula_01,2026-05-16T14:24:18,texto_temp,22.00,100.00,ERROR,manual_fault_injection
evt_20260516_fault_000196,sensor_aula_01,2026-05-16T14:24:21,22.40,humedad_texto,100.00,ERROR,manual_fault_injection
evt_20260516_fault_000197,sensor_aula_01,2026-05-16T14:24:24,22.50,24.00,bateria_texto,ERROR,manual_fault_injection
evt_20260516_fault_000198,sensor_aula_01,2026-05-16T14:24:27,22.60,19.00,-15.00,WARN,manual_fault_injection
evt_20260516_fault_000199,sensor_aula_01,2026-05-16T14:24:30,22.70,-8.00,100.00,WARN,manual_fault_injection
evt_20260516_fault_000200,sensor_aula_01,2026-05-16T14:24:33,-99.00,21.00,100.00,WARN,manual_fault_injection
